nombre,tags,paso_actual,propuesta_paso_a_paso
A. J.,"citrico, clasico","1) Agregar Applejack y Jugo de pomelo a una coctelera.
2) Agregar hielo a gusto y agitar hasta enfriar bien.
3) Colar y servir en copa de coctel.","1) Agregar Applejack y Jugo de pomelo a una coctelera
2) Agregar hielo a gusto y agitar
3) Colar y servir en copa de coctel"
A1,"citrico, clasico, gin","1) Agregar Gin, Grand Marnier, Jugo de limon y Granadina a una coctelera.
2) Agregar hielo a gusto y agitar hasta enfriar bien.
3) Colar y servir en copa de coctel.","1) Agregar Gin, Grand Marnier, Jugo de limon y Granadina a una coctelera
2) Agregar hielo a gusto y agitar
3) Colar y servir en copa de coctel"
ABC,clasico,"1) Agregar Amaretto, Baileys crema irlandesa y Cognac al vaso o al recipiente de mezcla.
2) Enfriar si corresponde.
3) Servir en vaso de shot.","1) Agregar Amaretto, Baileys crema irlandesa y Cognac a una coctelera
2) Agregar hielo a gusto y agitar
3) Colar y servir en vaso de shot"
Abilene,"citrico, clasico","1) Agregar Ron oscuro, Nectar de durazno y Jugo de naranja a una coctelera.
2) Agregar hielo a gusto y agitar hasta enfriar bien.
3) Colar y servir en vaso highball.","1) Agregar Ron oscuro, Nectar de durazno y Jugo de naranja a una coctelera
2) Agregar hielo a gusto y agitar
3) Colar y servir en vaso highball"
Acapulco,"citrico, clasico, cremoso","1) Agregar Ron claro, Triple sec, Jugo de lima, Azucar y Clara de huevo a una coctelera.
2) Agregar hielo a gusto y agitar hasta enfriar bien.
3) Colar y servir en vaso old fashioned.
4) Decorar con Menta.","1) Agregar Ron claro, Triple sec, Jugo de lima, Azucar, Clara de huevo y Menta a una coctelera
2) Agregar hielo a gusto y agitar
3) Colar y servir en vaso old fashioned"
Ace,"clasico, cremoso, gin","1) Agregar Gin, Granadina, Crema espesa, Leche y Clara de huevo a una coctelera.
2) Agregar hielo a gusto y agitar hasta enfriar bien.
3) Colar y servir en copa martini.","1) Agregar Gin, Granadina, Crema espesa, Leche y Clara de huevo a una coctelera
2) Agregar hielo a gusto y agitar
3) Colar y servir en copa martini"
ACID,clasico,"1) Agregar Ron 151 grados y Wild Turkey a un vaso mezclador.
2) Agregar hielo a gusto y revolver hasta enfriar bien.
3) Colar y servir en vaso de shot bien frio.","1) Agregar Ron 151 grados y Wild Turkey a un vaso mezclador
2) Agregar hielo a gusto y revolver hasta enfriar bien
3) Colar y servir en vaso de shot"
Adam,"citrico, clasico","1) Agregar Ron oscuro, Jugo de limon y Granadina a una coctelera.
2) Agregar hielo a gusto y agitar hasta enfriar bien.
3) Colar y servir en copa de coctel.","1) Agregar Ron oscuro, Jugo de limon y Granadina a una coctelera
2) Agregar hielo a gusto y agitar
3) Colar y servir en copa de coctel"
Addington,"clasico, vino","1) Llenar copa de coctel con hielo.
2) Agregar Vermut dulce y Vermut seco.
3) Completar con Agua con gas y mezclar suavemente.","1) Agregar Vermut dulce, Vermut seco y Agua con gas a una coctelera
2) Agregar hielo a gusto y agitar
3) Colar y servir en copa de coctel"
Addison,"clasico, gin","1) Agregar Gin y Vermut a un vaso mezclador.
2) Agregar hielo a gusto y revolver hasta enfriar bien.
3) Colar y servir en copa martini bien frio.","1) Agregar Gin y Vermut a un vaso mezclador
2) Agregar hielo a gusto y revolver hasta enfriar bien
3) Colar y servir en copa martini"
Affair,"citrico, clasico","1) Llenar vaso highball con hielo.
2) Agregar Schnapps de frutilla, Jugo de naranja y Jugo de arandano.
3) Completar con Agua tonica y mezclar suavemente.","1) Agregar Schnapps de frutilla, Jugo de naranja, Jugo de arandano y Agua tonica a una coctelera
2) Agregar hielo a gusto y agitar
3) Colar y servir en vaso highball"
Affinity,"clasico, vino","1) Agregar Whisky escoces, Vermut dulce, Vermut seco y Amargo de naranja a un vaso mezclador.
2) Agregar hielo a gusto y revolver hasta enfriar bien.
3) Colar y servir en copa de coctel bien frio.","1) Agregar Whisky escoces, Vermut dulce, Vermut seco y Amargo de naranja a un vaso mezclador
2) Agregar hielo a gusto y revolver hasta enfriar bien
3) Colar y servir en copa de coctel"
Afterglow,"citrico, clasico, refrescante","1) Agregar Granadina, Jugo de naranja y Jugo de piña a una coctelera.
2) Agregar hielo a gusto y agitar hasta enfriar bien.
3) Colar y servir en vaso highball.","1) Agregar Granadina, Jugo de naranja y Jugo de piña a una coctelera
2) Agregar hielo a gusto y agitar
3) Colar y servir en vaso highball"
Alexander,"clasico, gin","1) Agregar Gin, Crema de cacao y Crema ligera a un vaso mezclador.
2) Agregar hielo a gusto y revolver hasta enfriar bien.
3) Colar y servir en copa de coctel bien frio.
4) Decorar con Nuez moscada.","1) Agregar Gin, Crema de cacao, Crema ligera y Nuez moscada a un vaso mezclador
2) Agregar hielo a gusto y revolver hasta enfriar bien
3) Colar y servir en copa de coctel"
Algonquin,"citrico, clasico","1) Agregar Whisky mezclado, Vermut seco y Jugo de piña a una coctelera.
2) Agregar hielo a gusto y agitar hasta enfriar bien.
3) Colar y servir en copa de coctel.","1) Agregar Whisky mezclado, Vermut seco y Jugo de piña a una coctelera
2) Agregar hielo a gusto y agitar
3) Colar y servir en copa de coctel"
Allegheny,"citrico, clasico","1) Agregar Vermut seco, Whiskey Bourbon, Brandy de mora y Jugo de limon a una coctelera.
2) Agregar hielo a gusto y agitar hasta enfriar bien.
3) Colar y servir en copa de coctel.
4) Decorar con Cascara de limon.","1) Agregar Vermut seco, Whiskey Bourbon, Brandy de mora, Jugo de limon y Cascara de limon a una coctelera
2) Agregar hielo a gusto y agitar
3) Colar y servir en copa de coctel"
Almeria,"clasico, cremoso","1) Agregar Ron oscuro, Kahlua y Clara de huevo a un vaso mezclador.
2) Agregar hielo a gusto y revolver hasta enfriar bien.
3) Colar y servir en copa de coctel bien frio.","1) Agregar Ron oscuro, Kahlua y Clara de huevo a un vaso mezclador
2) Agregar hielo a gusto y revolver hasta enfriar bien
3) Colar y servir en copa de coctel"
Alsterwasser,"clasico, estadounidense, rapido, refrescante, verano","1) Agregar Cerveza lager y Limonada a una coctelera.
2) Agregar hielo a gusto y agitar hasta enfriar bien.
3) Colar y servir en vaso pinta.","1) Agregar Cerveza lager y Limonada a una coctelera
2) Agregar hielo a gusto y agitar
3) Colar y servir en vaso pinta"
Amaretto Sour,"amargo, citrico, cremoso, moderno, sour, top-bars","1) Agregar Amaretto, Jugo de limon, Jarabe simple, Clara de huevo y Amargo de angostura a una coctelera.
2) Agregar hielo a gusto y agitar hasta enfriar bien.
3) Colar y servir en vaso bajo.","1) Agregar Amaretto, Jugo de limon, Jarabe simple, Clara de huevo y Amargo de angostura a una coctelera
2) Agregar hielo a gusto y agitar
3) Colar y servir en vaso bajo"
Americano,"amargo, campari, clasico, estadounidense, vino","1) Agregar Campari y Vermut dulce a un vaso mezclador.
2) Agregar hielo a gusto y revolver hasta enfriar bien.
3) Colar y servir en vaso collins bien frio.
4) Decorar con Cascara de limon y Cascara de naranja.","1) Agregar Campari, Vermut dulce, Cascara de limon y Cascara de naranja a un vaso mezclador
2) Agregar hielo a gusto y revolver hasta enfriar bien
3) Colar y servir en vaso collins"
Apello,"citrico, clasico, refrescante","1) Agregar Jugo de naranja, Jugo de pomelo y Jugo de manzana a una coctelera.
2) Agregar hielo a gusto y agitar hasta enfriar bien.
3) Colar y servir en vaso collins.
4) Decorar con Cereza marrasquino.","1) Agregar Jugo de naranja, Jugo de pomelo, Jugo de manzana y Cereza marrasquino a una coctelera
2) Agregar hielo a gusto y agitar
3) Colar y servir en vaso collins"
Aperol Spritz,"aperitivo, clasico, espumante, italiano, rapido, verano","1) Llenar copa de vino con hielo.
2) Agregar Aperol.
3) Completar con Prosecco y Agua con gas y mezclar suavemente.
4) Decorar con Naranja.","1) Agregar Prosecco, Aperol, Agua con gas y Naranja a una coctelera
2) Agregar hielo a gusto y agitar
3) Colar y servir en copa de vino"
Applecar,"citrico, clasico","1) Agregar Applejack, Triple sec y Jugo de limon a una coctelera.
2) Agregar hielo a gusto y agitar hasta enfriar bien.
3) Colar y servir en copa de coctel.","1) Agregar Applejack, Triple sec y Jugo de limon a una coctelera
2) Agregar hielo a gusto y agitar
3) Colar y servir en copa de coctel"
Artillery,"amargo, clasico, gin, vino","1) Agregar Vermut dulce, Gin y Amargo de angostura a un vaso mezclador.
2) Agregar hielo a gusto y revolver hasta enfriar bien.
3) Colar y servir en copa de coctel bien frio.","1) Agregar Vermut dulce, Gin y Amargo de angostura a un vaso mezclador
2) Agregar hielo a gusto y revolver hasta enfriar bien
3) Colar y servir en copa de coctel"
AT&T,"clasico, gin","1) Llenar vaso highball con hielo.
2) Agregar Vodka y Gin.
3) Completar con Agua tonica y mezclar suavemente.","1) Agregar Vodka, Gin y Agua tonica a una coctelera
2) Agregar hielo a gusto y agitar
3) Colar y servir en vaso highball"
Avalanche,clasico,"1) Agregar Crown Royal, Kahlua y Crema a un vaso mezclador.
2) Agregar hielo a gusto y revolver hasta enfriar bien.
3) Colar y servir en vaso highball bien frio.","1) Agregar Crown Royal, Kahlua y Crema a un vaso mezclador
2) Agregar hielo a gusto y revolver hasta enfriar bien
3) Colar y servir en vaso highball"
Avalon,"citrico, clasico","1) Agregar Vodka, Pisang Ambon, Jugo de manzana, Jugo de limon y Limonada a una coctelera.
2) Agregar hielo a gusto y agitar hasta enfriar bien.
3) Colar y servir en vaso highball.","1) Agregar Vodka, Pisang Ambon, Jugo de manzana, Jugo de limon y Limonada a una coctelera
2) Agregar hielo a gusto y agitar
3) Colar y servir en vaso highball"
Aviation,"citrico, clasico, gin","1) Agregar Gin, Jugo de limon y Licor de maraschino a una coctelera.
2) Agregar hielo a gusto y agitar hasta enfriar bien.
3) Colar y servir en copa de coctel.","1) Agregar Gin, Jugo de limon y Licor de maraschino a una coctelera
2) Agregar hielo a gusto y agitar
3) Colar y servir en copa de coctel"
B-52,clasico,"1) Agregar Baileys crema irlandesa, Grand Marnier y Kahlua al vaso o al recipiente de mezcla.
2) Enfriar si corresponde.
3) Servir en vaso de shot.","1) Agregar Baileys crema irlandesa, Grand Marnier y Kahlua a una coctelera
2) Agregar hielo a gusto y agitar
3) Colar y servir en vaso de shot"
B-53,clasico,"1) Agregar Kahlua, Sambuca y Grand Marnier al vaso o al recipiente de mezcla.
2) Enfriar si corresponde.
3) Servir en vaso collins.","1) Agregar Kahlua, Sambuca y Grand Marnier a una coctelera
2) Agregar hielo a gusto y agitar
3) Colar y servir en vaso collins"
Baby Eskimo,"clasico, cremoso","1) Agregar Kahlua, Leche y Helado de vainilla a una coctelera.
2) Agregar hielo a gusto y agitar hasta enfriar bien.
3) Colar y servir en vaso collins.","1) Agregar Kahlua, Leche y Helado de vainilla a una coctelera
2) Agregar hielo a gusto y agitar
3) Colar y servir en vaso collins"
Bahama Mama,"citrico, clasico","1) Agregar Ron, Ron oscuro, Licor de banana, Granadina, Jugo de piña, Jugo de naranja y Mezcla agridulce a una coctelera.
2) Agregar hielo a gusto y agitar hasta enfriar bien.
3) Colar y servir en vaso highball.","1) Agregar Ron, Ron oscuro, Licor de banana, Granadina, Jugo de piña, Jugo de naranja y Mezcla agridulce a una coctelera
2) Agregar hielo a gusto y agitar
3) Colar y servir en vaso highball"
Balmoral,"amargo, clasico, vino","1) Agregar Whisky escoces, Vermut dulce, Vermut seco y Amargo de angostura a un vaso mezclador.
2) Agregar hielo a gusto y revolver hasta enfriar bien.
3) Colar y servir en copa de coctel bien frio.","1) Agregar Whisky escoces, Vermut dulce, Vermut seco y Amargo de angostura a un vaso mezclador
2) Agregar hielo a gusto y revolver hasta enfriar bien
3) Colar y servir en copa de coctel"
Barracuda,"citrico, clasico, espumante","1) Agregar Ron, Galliano, Jugo de piña y Jugo de lima a una coctelera.
2) Agregar hielo a gusto y agitar hasta enfriar bien.
3) Colar en copa margarita y completar con Prosecco.","1) Agregar Ron, Galliano, Jugo de piña, Jugo de lima y Prosecco a una coctelera
2) Agregar hielo a gusto y agitar
3) Colar y servir en copa margarita"
Batanga,"citrico, clasico, mexicano, rapido, tequila","1) Llenar vaso highball con hielo.
2) Agregar Tequila y Jugo de lima.
3) Completar con Coca-Cola y mezclar suavemente.
4) Decorar con Sal.","1) Agregar Tequila, Jugo de lima, Coca-Cola y Sal a una coctelera
2) Agregar hielo a gusto y agitar
3) Colar y servir en vaso highball"
Batida,"brasileno, citrico, clasico, cremoso, frutal","1) Agregar Cachaca, Leche de coco, Jugo de maracuya y Azucar a una coctelera.
2) Agregar hielo a gusto y agitar hasta enfriar bien.
3) Colar y servir en vaso bajo.","1) Agregar Cachaca, Leche de coco, Jugo de maracuya, Azucar y Hielo a una coctelera
2) Agregar hielo a gusto y agitar
3) Colar y servir en vaso bajo"
Bellini,"clasico, espumante","1) Agregar Champagne y Schnapps de durazno a una coctelera.
2) Agregar hielo a gusto y agitar hasta enfriar bien.
3) Colar y servir en copa flauta.","1) Agregar Champagne y Schnapps de durazno a una coctelera
2) Agregar hielo a gusto y agitar
3) Colar y servir en copa flauta"
Between the Sheets,"citrico, clasico, frances","1) Agregar Cognac, Ron blanco, Triple sec y Jugo de limon a una coctelera.
2) Agregar hielo a gusto y agitar hasta enfriar bien.
3) Colar y servir en copa coupe.","1) Agregar Cognac, Ron blanco, Triple sec y Jugo de limon a una coctelera
2) Agregar hielo a gusto y agitar
3) Colar y servir en copa coupe"
Bible Belt,"citrico, clasico","1) Agregar Southern Comfort, Triple sec, Lima y Mezcla sour a un vaso mezclador.
2) Agregar hielo a gusto y revolver hasta enfriar bien.
3) Colar y servir en vaso highball bien frio.","1) Agregar Southern Comfort, Triple sec, Lima y Mezcla sour a un vaso mezclador
2) Agregar hielo a gusto y revolver hasta enfriar bien
3) Colar y servir en vaso highball"
Big Red,clasico,"1) Agregar Baileys crema irlandesa y Goldschlager a un vaso mezclador.
2) Agregar hielo a gusto y revolver hasta enfriar bien.
3) Colar y servir en vaso de shot bien frio.","1) Agregar Baileys crema irlandesa y Goldschlager a un vaso mezclador
2) Agregar hielo a gusto y revolver hasta enfriar bien
3) Colar y servir en vaso de shot"
Bijou,"clasico, gin, vino","1) Agregar Amargo de naranja, Green Chartreuse, Gin y Vermut dulce a un vaso mezclador.
2) Agregar hielo a gusto y revolver hasta enfriar bien.
3) Colar y servir en copa de coctel bien frio.","1) Agregar Amargo de naranja, Green Chartreuse, Gin y Vermut dulce a un vaso mezclador
2) Agregar hielo a gusto y revolver hasta enfriar bien
3) Colar y servir en copa de coctel"
Blackthorn,"clasico, gin, vino","1) Agregar Vermut dulce y Sloe gin a un vaso mezclador.
2) Agregar hielo a gusto y revolver hasta enfriar bien.
3) Colar y servir en copa de coctel bien frio.
4) Decorar con Cascara de limon.","1) Agregar Vermut dulce, Sloe gin y Cascara de limon a un vaso mezclador
2) Agregar hielo a gusto y revolver hasta enfriar bien
3) Colar y servir en copa de coctel"
Bluebird,"amargo, clasico, gin","1) Agregar Gin, Triple sec, Curacao azul y Amargo de angostura a un vaso mezclador.
2) Agregar hielo a gusto y revolver hasta enfriar bien.
3) Colar y servir en copa de coctel bien frio.
4) Decorar con Cereza marrasquino y Cascara de limon.","1) Agregar Gin, Triple sec, Curacao azul, Amargo de angostura, Cereza marrasquino y Cascara de limon a un vaso mezclador
2) Agregar hielo a gusto y revolver hasta enfriar bien
3) Colar y servir en copa de coctel"
Bob Marley,clasico,"1) Agregar Licor de melon, Jägermeister y Goldschlager a un vaso mezclador.
2) Agregar hielo a gusto y revolver hasta enfriar bien.
3) Colar y servir en vaso de shot bien frio.","1) Agregar Licor de melon, Jägermeister y Goldschlager a un vaso mezclador
2) Agregar hielo a gusto y revolver hasta enfriar bien
3) Colar y servir en vaso de shot"
Boomerang,"amargo, clasico, gin","1) Agregar Gin, Vermut seco, Amargo de angostura y Licor de maraschino a un vaso mezclador.
2) Agregar hielo a gusto y revolver hasta enfriar bien.
3) Colar y servir en copa de coctel bien frio.
4) Decorar con Cereza marrasquino.","1) Agregar Gin, Vermut seco, Amargo de angostura, Licor de maraschino y Cereza marrasquino a un vaso mezclador
2) Agregar hielo a gusto y revolver hasta enfriar bien
3) Colar y servir en copa de coctel"
Bora Bora,"citrico, clasico, frutal, refrescante","1) Agregar Jugo de piña, Jugo de maracuya, Jugo de limon y Granadina a una coctelera.
2) Agregar hielo a gusto y agitar hasta enfriar bien.
3) Colar y servir en vaso highball.","1) Agregar Jugo de piña, Jugo de maracuya, Jugo de limon y Granadina a una coctelera
2) Agregar hielo a gusto y agitar
3) Colar y servir en vaso highball"
Borgoña,"chileno, clasico, frutal, verano, vino","1) Agregar Vino tinto, Frutillas, Azucar y Cointreau a una coctelera.
2) Agregar hielo a gusto y agitar hasta enfriar bien.
3) Colar y servir en vaso corto.
4) Decorar con Durazno.","1) Agregar Vino tinto, Frutillas, Durazno, Azucar, Cointreau y Hielo a una coctelera
2) Agregar hielo a gusto y agitar
3) Colar y servir en vaso corto"
Boston Sour,"citrico, clasico, cremoso, sour","1) Agregar Whisky mezclado, Limon, Azucar flor y Clara de huevo a una coctelera.
2) Agregar hielo a gusto y agitar hasta enfriar bien.
3) Colar y servir en copa sour.
4) Decorar con Limon y Cereza marrasquino.","1) Agregar Whisky mezclado, Limon, Azucar flor, Clara de huevo, Limon y Cereza marrasquino a una coctelera
2) Agregar hielo a gusto y agitar
3) Colar y servir en copa sour"
Boulevardier,"amargo, campari, clasico, estadounidense, gin, rapido, vino","1) Agregar Whiskey Bourbon, Campari y Vermut rojo a un vaso mezclador.
2) Agregar hielo a gusto y revolver hasta enfriar bien.
3) Colar y servir en vaso bajo bien frio.
4) Decorar con Naranja.","1) Agregar Whiskey Bourbon, Campari, Vermut rojo y Naranja a un vaso mezclador
2) Agregar hielo a gusto y revolver hasta enfriar bien
3) Colar y servir en vaso bajo"
Boxcar,"citrico, clasico, cremoso, gin","1) Agregar Gin, Triple sec, Jugo de limon, Granadina y Clara de huevo a una coctelera.
2) Agregar hielo a gusto y agitar hasta enfriar bien.
3) Colar y servir en copa sour.","1) Agregar Gin, Triple sec, Jugo de limon, Granadina y Clara de huevo a una coctelera
2) Agregar hielo a gusto y agitar
3) Colar y servir en copa sour"
Brain Fart,"citrico, clasico","1) Agregar Everclear, Vodka, Mountain Dew, Surge, Jugo de limon y Ron a una coctelera.
2) Agregar hielo a gusto y agitar hasta enfriar bien.
3) Colar y servir en ponchera.","1) Agregar Everclear, Vodka, Mountain Dew, Surge, Jugo de limon y Ron a una coctelera
2) Agregar hielo a gusto y agitar
3) Colar y servir en ponchera"
Bramble,"citrico, clasico, gin","1) Agregar Gin, Jugo de limon, Jarabe simple y Crema de mora a una coctelera.
2) Agregar hielo a gusto y agitar hasta enfriar bien.
3) Colar y servir en vaso old fashioned.","1) Agregar Gin, Jugo de limon, Jarabe simple y Crema de mora a una coctelera
2) Agregar hielo a gusto y agitar
3) Colar y servir en vaso old fashioned"
Brigadier,clasico,"1) Agregar Hot Chocolate, Green Chartreuse y Cherry Heering a un vaso mezclador.
2) Agregar hielo a gusto y revolver hasta enfriar bien.
3) Colar y servir en taza bien frio.","1) Agregar Hot Chocolate, Green Chartreuse y Cherry Heering a un vaso mezclador
2) Agregar hielo a gusto y revolver hasta enfriar bien
3) Colar y servir en taza"
Broadside,"amargo, clasico","1) Agregar Ron 151 grados, Whisky escoces, Amargo de angostura y Ajenjo a un vaso mezclador.
2) Agregar hielo a gusto y revolver hasta enfriar bien.
3) Colar y servir en vaso highball bien frio.","1) Agregar Ron 151 grados, Whisky escoces, Amargo de angostura, Ajenjo y Hielo a un vaso mezclador
2) Agregar hielo a gusto y revolver hasta enfriar bien
3) Colar y servir en vaso highball"
Brooklyn,"amargo, clasico","1) Agregar Whisky de centeno, Vermut seco, Licor de maraschino y Amargo de angostura a un vaso mezclador.
2) Agregar hielo a gusto y revolver hasta enfriar bien.
3) Colar y servir en copa de coctel bien frio.
4) Decorar con Cereza marrasquino.","1) Agregar Whisky de centeno, Vermut seco, Licor de maraschino, Amargo de angostura y Cereza marrasquino a un vaso mezclador
2) Agregar hielo a gusto y revolver hasta enfriar bien
3) Colar y servir en copa de coctel"
Bubble Gum,"citrico, clasico","1) Agregar Vodka, Licor de banana, Jugo de naranja y Schnapps de durazno a una coctelera.
2) Agregar hielo a gusto y agitar hasta enfriar bien.
3) Colar y servir en vaso de shot.","1) Agregar Vodka, Licor de banana, Jugo de naranja y Schnapps de durazno a una coctelera
2) Agregar hielo a gusto y agitar
3) Colar y servir en vaso de shot"
Buccaneer,clasico,"1) Agregar Corona y Bacardi Limon a una coctelera.
2) Agregar hielo a gusto y agitar hasta enfriar bien.
3) Colar y servir en vaso pilsner.","1) Agregar Corona y Bacardi Limon a una coctelera
2) Agregar hielo a gusto y agitar
3) Colar y servir en vaso pilsner"
Bumble Bee,clasico,"1) Agregar Baileys crema irlandesa, Kahlua y Sambuca a un vaso mezclador.
2) Agregar hielo a gusto y revolver hasta enfriar bien.
3) Colar y servir en vaso de shot bien frio.","1) Agregar Baileys crema irlandesa, Kahlua y Sambuca a un vaso mezclador
2) Agregar hielo a gusto y revolver hasta enfriar bien
3) Colar y servir en vaso de shot"
Cafe Savoy,"cafe, clasico, cremoso, ingles","1) Agregar Cafe, Leche, Triple sec y Brandy a un vaso mezclador.
2) Agregar hielo a gusto y revolver hasta enfriar bien.
3) Colar y servir en taza bien frio.","1) Agregar Cafe, Leche, Triple sec y Brandy a un vaso mezclador
2) Agregar hielo a gusto y revolver hasta enfriar bien
3) Colar y servir en taza"
Caipirinha,"citrico, clasico","1) Agregar Azucar y Cachaca a una coctelera.
2) Agregar hielo a gusto y agitar hasta enfriar bien.
3) Colar y servir en vaso old fashioned.
4) Decorar con Lima.","1) Agregar Azucar, Lima y Cachaca a una coctelera
2) Agregar hielo a gusto y agitar
3) Colar y servir en vaso old fashioned"
Caipirissima,"citrico, clasico","1) Agregar Lima, Azucar y Ron blanco a una coctelera.
2) Agregar hielo a gusto y agitar hasta enfriar bien.
3) Colar y servir en vaso collins.","1) Agregar Lima, Azucar, Ron blanco y Hielo a una coctelera
2) Agregar hielo a gusto y agitar
3) Colar y servir en vaso collins"
Caipiroska,"brasileno, citrico, clasico, rapido, refrescante","1) Agregar Vodka, Lima y Azucar a una coctelera.
2) Agregar hielo a gusto y agitar hasta enfriar bien.
3) Colar y servir en vaso bajo.","1) Agregar Vodka, Lima, Azucar y Hielo a una coctelera
2) Agregar hielo a gusto y agitar
3) Colar y servir en vaso bajo"
Campari Beer,"amargo, campari, clasico","1) Agregar Cerveza lager y Campari a una coctelera.
2) Agregar hielo a gusto y agitar hasta enfriar bien.
3) Colar y servir en jarro cervecero.","1) Agregar Cerveza lager y Campari a una coctelera
2) Agregar hielo a gusto y agitar
3) Colar y servir en jarro cervecero"
Cantarito,"citrico, clasico, mexicano, tequila","1) Llenar tarro de barro con hielo.
2) Agregar Tequila, Jugo de pomelo, Jugo de naranja y Jugo de lima.
3) Completar con Agua con gas y mezclar suavemente.
4) Decorar con Sal.","1) Agregar Tequila, Jugo de pomelo, Jugo de naranja, Jugo de lima, Agua con gas y Sal a una coctelera
2) Agregar hielo a gusto y agitar
3) Colar y servir en tarro de barro"
Carajillo,"cafe, clasico, espanol, rapido, sobremesa","1) Agregar Licor 43 y Cafe a una coctelera.
2) Agregar hielo a gusto y agitar hasta enfriar bien.
3) Colar y servir en vaso bajo.","1) Agregar Licor 43, Cafe y Hielo a una coctelera
2) Agregar hielo a gusto y agitar
3) Colar y servir en vaso bajo"
Casa Blanca,"citrico, clasico","1) Agregar Ron claro, Triple sec, Jugo de lima y Licor de maraschino a una coctelera.
2) Agregar hielo a gusto y agitar hasta enfriar bien.
3) Colar y servir en copa de coctel.","1) Agregar Ron claro, Triple sec, Jugo de lima y Licor de maraschino a una coctelera
2) Agregar hielo a gusto y agitar
3) Colar y servir en copa de coctel"
Casino,"citrico, clasico, gin","1) Agregar Gin, Licor de maraschino, Jugo de limon y Amargo de naranja a una coctelera.
2) Agregar hielo a gusto y agitar hasta enfriar bien.
3) Colar y servir en copa de coctel.
4) Decorar con Cereza marrasquino.","1) Agregar Gin, Licor de maraschino, Jugo de limon, Amargo de naranja y Cereza marrasquino a una coctelera
2) Agregar hielo a gusto y agitar
3) Colar y servir en copa de coctel"
Casino Royale,"citrico, clasico, gin","1) Agregar Gin, Jugo de limon, Licor de maraschino, Amargo de naranja y Yema de huevo a una coctelera.
2) Agregar hielo a gusto y agitar hasta enfriar bien.
3) Colar y servir en copa sour.","1) Agregar Gin, Jugo de limon, Licor de maraschino, Amargo de naranja y Yema de huevo a una coctelera
2) Agregar hielo a gusto y agitar
3) Colar y servir en copa sour"
Cherry Rum,clasico,"1) Agregar Ron claro, Brandy de cereza y Crema ligera a un vaso mezclador.
2) Agregar hielo a gusto y revolver hasta enfriar bien.
3) Colar y servir en copa de coctel bien frio.","1) Agregar Ron claro, Brandy de cereza y Crema ligera a un vaso mezclador
2) Agregar hielo a gusto y revolver hasta enfriar bien
3) Colar y servir en copa de coctel"
Chicago Fizz,"citrico, clasico, cremoso","1) Agregar Ron claro, Oporto, Limon, Azucar flor y Clara de huevo a una coctelera.
2) Agregar hielo a gusto y agitar hasta enfriar bien.
3) Colar en vaso highball y completar con Agua con gas.","1) Agregar Ron claro, Oporto, Limon, Azucar flor, Clara de huevo y Agua con gas a una coctelera
2) Agregar hielo a gusto y agitar
3) Colar y servir en vaso highball"
Chilcano,"amargo, citrico, clasico, gin, peruano, pisco, rapido, refrescante","1) Llenar vaso highball con hielo.
2) Agregar Pisco, Jugo de lima y Amargo de angostura.
3) Completar con Ginger ale y mezclar suavemente.","1) Agregar Pisco, Jugo de lima, Ginger ale, Amargo de angostura y Hielo a una coctelera
2) Agregar hielo a gusto y agitar
3) Colar y servir en vaso highball"
Chocolate Drink,"clasico, cremoso, refrescante","1) Agregar Leche y Agua a una coctelera.
2) Agregar hielo a gusto y agitar hasta enfriar bien.
3) Colar y servir en taza.
4) Decorar con Chocolate.","1) Agregar Chocolate, Leche y Agua a una coctelera
2) Agregar hielo a gusto y agitar
3) Colar y servir en taza"
Chocolate Milk,"clasico, cremoso","1) Agregar Licor de chocolate, Leche y Amaretto al vaso o al recipiente de mezcla.
2) Enfriar si corresponde.
3) Servir en shot glass.","1) Agregar Licor de chocolate, Leche y Amaretto a una coctelera
2) Agregar hielo a gusto y agitar
3) Colar y servir en shot copa"
Citrus Coke,clasico,"1) Llenar vaso highball con hielo.
2) Agregar Bacardi Limon.
3) Completar con Coca-Cola y mezclar suavemente.","1) Agregar Bacardi Limon y Coca-Cola a una coctelera
2) Agregar hielo a gusto y agitar
3) Colar y servir en vaso highball"
City Slicker,"citrico, clasico","1) Agregar Brandy, Triple sec y Jugo de limon a una coctelera.
2) Agregar hielo a gusto y agitar hasta enfriar bien.
3) Colar y servir en copa de coctel.","1) Agregar Brandy, Triple sec y Jugo de limon a una coctelera
2) Agregar hielo a gusto y agitar
3) Colar y servir en copa de coctel"
Clery,"chileno, clasico, frutal, verano, vino","1) Agregar Vino blanco, Frutillas y Cointreau a una coctelera.
2) Agregar hielo a gusto y agitar hasta enfriar bien.
3) Colar y servir en vaso corto.
4) Decorar con Durazno.","1) Agregar Vino blanco, Frutillas, Durazno, Cointreau y Hielo a una coctelera
2) Agregar hielo a gusto y agitar
3) Colar y servir en vaso corto"
Clove Cocktail,"clasico, gin, vino","1) Agregar Vermut dulce, Sloe gin y Vino a un vaso mezclador.
2) Agregar hielo a gusto y revolver hasta enfriar bien.
3) Colar y servir en copa de coctel bien frio.","1) Agregar Vermut dulce, Sloe gin y Vino a un vaso mezclador
2) Agregar hielo a gusto y revolver hasta enfriar bien
3) Colar y servir en copa de coctel"
Clover Club,"citrico, clasico, cremoso, gin","1) Agregar Gin, Granadina, Limon y Clara de huevo a una coctelera.
2) Agregar hielo a gusto y agitar hasta enfriar bien.
3) Colar y servir en copa de coctel.","1) Agregar Gin, Granadina, Limon y Clara de huevo a una coctelera
2) Agregar hielo a gusto y agitar
3) Colar y servir en copa de coctel"
Coffee Liqueur,"cafe, clasico","1) Agregar Cafe, Azucar, Vodka y Agua a una coctelera.
2) Agregar hielo a gusto y agitar hasta enfriar bien.
3) Colar y servir en vaso collins.
4) Decorar con Extracto de vainilla.","1) Agregar Cafe, Extracto de vainilla, Azucar, Vodka y Agua a una coctelera
2) Agregar hielo a gusto y agitar
3) Colar y servir en vaso collins"
Coffee-Vodka,"cafe, clasico","1) Agregar Agua, Azucar, Cafe y Vodka a una coctelera.
2) Agregar hielo a gusto y agitar hasta enfriar bien.
3) Colar y servir en vaso collins.
4) Decorar con Vainilla y Caramel coloring.","1) Agregar Agua, Azucar, Cafe, Vainilla, Vodka y Caramel coloring a una coctelera
2) Agregar hielo a gusto y agitar
3) Colar y servir en vaso collins"
Coke and Drops,"citrico, clasico, refrescante","1) Llenar copa de coctel con hielo.
2) Agregar Jugo de limon.
3) Completar con Coca-Cola y mezclar suavemente.","1) Agregar Coca-Cola y Jugo de limon a una coctelera
2) Agregar hielo a gusto y agitar
3) Colar y servir en copa de coctel"
Cola de mono,"cafe, chileno, clasico, cremoso, navidad, pisco","1) Agregar Leche, Pisco, Azucar y Cafe a una coctelera.
2) Agregar hielo a gusto y agitar hasta enfriar bien.
3) Colar y servir en vaso bajo.
4) Decorar con Clavos de olor, Canela, Pimienta de Jamaica, Cardamomo, Anis estrellado y Nuez moscada.","1) Agregar Leche, Pisco, Azucar, Cafe, Clavos de olor, Canela, Pimienta de Jamaica, Cardamomo, Anis estrellado y Nuez moscada a una coctelera
2) Agregar hielo a gusto y agitar
3) Colar y servir en vaso bajo"
Corn n Oil,"amargo, citrico, clasico","1) Agregar Lima, Falernum, Amargo de angostura, Ron añejo y Ron blackstrap a un vaso mezclador.
2) Agregar hielo a gusto y revolver hasta enfriar bien.
3) Colar y servir en vaso old fashioned bien frio.","1) Agregar Lima, Falernum, Amargo de angostura, Ron añejo y Ron blackstrap a un vaso mezclador
2) Agregar hielo a gusto y revolver hasta enfriar bien
3) Colar y servir en vaso old fashioned"
Corpse Reviver,"citrico, clasico, gin","1) Agregar Gin, Triple sec, Lillet Blanc, Jugo de limon y Absenta a una coctelera.
2) Agregar hielo a gusto y agitar hasta enfriar bien.
3) Colar y servir en copa de coctel.","1) Agregar Gin, Triple sec, Lillet Blanc, Jugo de limon y Absenta a una coctelera
2) Agregar hielo a gusto y agitar
3) Colar y servir en copa de coctel"
Corpse Reviver #2,"citrico, clasico, gin, ingles","1) Agregar Gin, Lillet Blanc, Cointreau, Jugo de limon y Absenta a una coctelera.
2) Agregar hielo a gusto y agitar hasta enfriar bien.
3) Colar y servir en copa coupe.","1) Agregar Gin, Lillet Blanc, Cointreau, Jugo de limon y Absenta a una coctelera
2) Agregar hielo a gusto y agitar
3) Colar y servir en copa coupe"
Cosmopolitan,"citrico, clasico","1) Agregar Vodka, Jugo de lima, Cointreau y Jugo de arandano a una coctelera.
2) Agregar hielo a gusto y agitar hasta enfriar bien.
3) Colar y servir en copa de coctel.","1) Agregar Vodka, Jugo de lima, Cointreau y Jugo de arandano a una coctelera
2) Agregar hielo a gusto y agitar
3) Colar y servir en copa de coctel"
Cranberry Punch,"citrico, clasico, gin, refrescante","1) Llenar punch bowl con hielo.
2) Agregar Jugo de arandano, Azucar y Jugo de piña.
3) Completar con Ginger ale y mezclar suavemente.
4) Decorar con Almond flavoring.","1) Agregar Jugo de arandano, Azucar, Jugo de piña, Almond flavoring y Ginger ale a una coctelera
2) Agregar hielo a gusto y agitar
3) Colar y servir en punch bowl"
Cream Soda,"clasico, gin","1) Llenar vaso highball con hielo.
2) Agregar Ron especiado.
3) Completar con Ginger ale y mezclar suavemente.","1) Agregar Ron especiado y Ginger ale a una coctelera
2) Agregar hielo a gusto y agitar
3) Colar y servir en vaso highball"
Cuba Libra,"citrico, clasico","1) Llenar vaso highball con hielo.
2) Agregar Ron oscuro y Lima.
3) Completar con Coca-Cola y mezclar suavemente.","1) Agregar Ron oscuro, Lima, Coca-Cola y Hielo a una coctelera
2) Agregar hielo a gusto y agitar
3) Colar y servir en vaso highball"
Cuba Libre,"citrico, clasico","1) Llenar vaso collins con hielo.
2) Agregar Ron claro y Lima.
3) Completar con Coca-Cola y mezclar suavemente.","1) Agregar Ron claro, Lima y Coca-Cola a una coctelera
2) Agregar hielo a gusto y agitar
3) Colar y servir en vaso collins"
Daiquiri,"citrico, clasico","1) Agregar Ron claro, Lima y Azucar flor a una coctelera.
2) Agregar hielo a gusto y agitar hasta enfriar bien.
3) Colar y servir en copa de coctel.","1) Agregar Ron claro, Lima y Azucar flor a una coctelera
2) Agregar hielo a gusto y agitar
3) Colar y servir en copa de coctel"
Damned if you do,clasico,"1) Agregar Whisky y Fireball a un vaso mezclador.
2) Agregar hielo a gusto y revolver hasta enfriar bien.
3) Colar y servir en vaso de shot bien frio.","1) Agregar Whisky y Fireball a un vaso mezclador
2) Agregar hielo a gusto y revolver hasta enfriar bien
3) Colar y servir en vaso de shot"
Danbooka,"cafe, clasico","1) Agregar Cafe y Everclear a una coctelera.
2) Agregar hielo a gusto y agitar hasta enfriar bien.
3) Colar y servir en taza.","1) Agregar Cafe y Everclear a una coctelera
2) Agregar hielo a gusto y agitar
3) Colar y servir en taza"
Dark and Stormy,clasico,"1) Llenar vaso highball con hielo.
2) Agregar Ron oscuro.
3) Completar con Cerveza de jengibre y mezclar suavemente.","1) Agregar Ron oscuro y Cerveza de jengibre a una coctelera
2) Agregar hielo a gusto y agitar
3) Colar y servir en vaso highball"
Dark Caipirinha,"citrico, clasico","1) Agregar Azucar rubia y Cachaca a una coctelera.
2) Agregar hielo a gusto y agitar hasta enfriar bien.
3) Colar y servir en vaso old fashioned.
4) Decorar con Lima.","1) Agregar Azucar rubia, Lima y Cachaca a una coctelera
2) Agregar hielo a gusto y agitar
3) Colar y servir en vaso old fashioned"
Darkwood Sling,"citrico, clasico","1) Llenar copa de coctel con hielo.
2) Agregar Cherry Heering y Jugo de naranja.
3) Completar con Agua con gas y mezclar suavemente.","1) Agregar Cherry Heering, Agua con gas, Jugo de naranja y Hielo a una coctelera
2) Agregar hielo a gusto y agitar
3) Colar y servir en copa de coctel"
Death in the Afternoon,"clasico, espumante","1) Agregar Absenta y Champagne a una coctelera.
2) Agregar hielo a gusto y agitar hasta enfriar bien.
3) Colar y servir en copa margarita.","1) Agregar Absenta y Champagne a una coctelera
2) Agregar hielo a gusto y agitar
3) Colar y servir en copa margarita"
Derby,"clasico, gin","1) Agregar Gin, Amargo de durazno y Menta a un vaso mezclador.
2) Agregar hielo a gusto y revolver hasta enfriar bien.
3) Colar y servir en copa de coctel bien frio.","1) Agregar Gin, Amargo de durazno y Menta a un vaso mezclador
2) Agregar hielo a gusto y revolver hasta enfriar bien
3) Colar y servir en copa de coctel"
Diamante,"bar-top-chile, chileno-autor, clasico, gin, jerez, siam-thai, top-bars, vino","1) Agregar Gin, Fino, Soju de ciruela, Yuzu y Vermut a un vaso mezclador.
2) Agregar hielo a gusto y revolver hasta enfriar bien.
3) Colar y servir en copa coupe bien frio.","1) Agregar Gin, Fino, Soju de ciruela, Yuzu y Vermut a un vaso mezclador
2) Agregar hielo a gusto y revolver hasta enfriar bien
3) Colar y servir en copa coupe"
Diesel,clasico,"1) Agregar Cerveza lager, Sidra y Cordial de grosella negra a una coctelera.
2) Agregar hielo a gusto y agitar hasta enfriar bien.
3) Colar y servir en vaso pinta.","1) Agregar Cerveza lager, Sidra y Cordial de grosella negra a una coctelera
2) Agregar hielo a gusto y agitar
3) Colar y servir en vaso pinta"
Dirty Martini,"citrico, clasico, martini","1) Agregar Vodka y Vermut seco a un vaso mezclador.
2) Agregar hielo a gusto y revolver hasta enfriar bien.
3) Colar y servir en copa de coctel bien frio.
4) Decorar con Salmuera de aceituna, Limon y Aceituna.","1) Agregar Vodka, Vermut seco, Salmuera de aceituna, Limon y Aceituna a un vaso mezclador
2) Agregar hielo a gusto y revolver hasta enfriar bien
3) Colar y servir en copa de coctel"
Dirty Nipple,clasico,"1) Agregar Kahlua, Sambuca y Baileys crema irlandesa a un vaso mezclador.
2) Agregar hielo a gusto y revolver hasta enfriar bien.
3) Colar y servir en vaso de shot bien frio.","1) Agregar Kahlua, Sambuca y Baileys crema irlandesa a un vaso mezclador
2) Agregar hielo a gusto y revolver hasta enfriar bien
3) Colar y servir en vaso de shot"
Division Bell,"citrico, last-word-family, mezcal, moderno, top-bars","1) Agregar Mezcal, Aperol, Licor de maraschino y Jugo de lima a una coctelera.
2) Agregar hielo a gusto y agitar hasta enfriar bien.
3) Colar y servir en copa coupe.","1) Agregar Mezcal, Aperol, Licor de maraschino y Jugo de lima a una coctelera
2) Agregar hielo a gusto y agitar
3) Colar y servir en copa coupe"
Downshift,"clasico, tequila","1) Agregar Ponche de frutas, Sprite, Tequila y Ron 151 grados a un vaso mezclador.
2) Agregar hielo a gusto y revolver hasta enfriar bien.
3) Colar y servir en copa hurricane bien frio.","1) Agregar Ponche de frutas, Sprite, Tequila y Ron 151 grados a un vaso mezclador
2) Agregar hielo a gusto y revolver hasta enfriar bien
3) Colar y servir en copa hurricane"
Dragonfly,"citrico, clasico, gin","1) Llenar vaso highball con hielo.
2) Agregar Gin.
3) Completar con Ginger ale y mezclar suavemente.
4) Decorar con Lima.","1) Agregar Gin, Ginger ale y Lima a una coctelera
2) Agregar hielo a gusto y agitar
3) Colar y servir en vaso highball"
Drinking Chocolate,"clasico, cremoso, refrescante","1) Agregar Crema espesa, Leche y Crema batida a una coctelera.
2) Agregar hielo a gusto y agitar hasta enfriar bien.
3) Colar y servir en taza.
4) Decorar con Canela, Vainilla y Chocolate.","1) Agregar Crema espesa, Leche, Canela, Vainilla, Chocolate y Crema batida a una coctelera
2) Agregar hielo a gusto y agitar
3) Colar y servir en taza"
Dry Martini,"clasico, gin, martini","1) Agregar Gin y Vermut seco a un vaso mezclador.
2) Agregar hielo a gusto y revolver hasta enfriar bien.
3) Colar y servir en copa de coctel bien frio.
4) Decorar con Aceituna.","1) Agregar Gin, Vermut seco y Aceituna a un vaso mezclador
2) Agregar hielo a gusto y revolver hasta enfriar bien
3) Colar y servir en copa de coctel"
Dry Rob Roy,clasico,"1) Agregar Whisky escoces y Vermut seco a un vaso mezclador.
2) Agregar hielo a gusto y revolver hasta enfriar bien.
3) Colar y servir en copa de coctel bien frio.
4) Decorar con Cascara de limon.","1) Agregar Whisky escoces, Vermut seco y Cascara de limon a un vaso mezclador
2) Agregar hielo a gusto y revolver hasta enfriar bien
3) Colar y servir en copa de coctel"
Dubonnet Cocktail,"amargo, clasico, gin","1) Agregar Dubonnet Rouge, Gin y Amargo de angostura a un vaso mezclador.
2) Agregar hielo a gusto y revolver hasta enfriar bien.
3) Colar y servir en copa de coctel bien frio.
4) Decorar con Cascara de limon.","1) Agregar Dubonnet Rouge, Gin, Amargo de angostura y Cascara de limon a un vaso mezclador
2) Agregar hielo a gusto y revolver hasta enfriar bien
3) Colar y servir en copa de coctel"
Duchamp's Punch,"amargo, citrico, clasico, pisco","1) Agregar Pisco, Jugo de lima, Jarabe de pina, St. Germain, Amargo de angostura y Lavanda a una coctelera.
2) Agregar hielo a gusto y agitar hasta enfriar bien.
3) Colar y servir en vaso old fashioned.
4) Decorar con Pimienta.","1) Agregar Pisco, Jugo de lima, Jarabe de pina, St. Germain, Amargo de angostura, Pimienta y Lavanda a una coctelera
2) Agregar hielo a gusto y agitar
3) Colar y servir en vaso old fashioned"
Eastside,"citrico, estadounidense, gin, moderno, top-bars","1) Agregar Gin, Jugo de lima, Jarabe simple y Pepino a una coctelera.
2) Agregar hielo a gusto y agitar hasta enfriar bien.
3) Colar y servir en copa coupe.
4) Decorar con Menta.","1) Agregar Gin, Jugo de lima, Jarabe simple, Pepino y Menta a una coctelera
2) Agregar hielo a gusto y agitar
3) Colar y servir en copa coupe"
Egg Cream,"clasico, cremoso, refrescante","1) Llenar taza con hielo.
2) Agregar Jarabe de chocolate y Leche.
3) Completar con Agua con gas y mezclar suavemente.","1) Agregar Jarabe de chocolate, Leche y Agua con gas a una coctelera
2) Agregar hielo a gusto y agitar
3) Colar y servir en taza"
Egg Nog #4,"clasico, cremoso","1) Agregar Yema de huevo, Azucar, Leche, Ron claro, Whiskey Bourbon, Crema para batir, Clara de huevo y Azucar a un vaso mezclador.
2) Agregar hielo a gusto y revolver hasta enfriar bien.
3) Colar y servir en ponchera bien frio.
4) Decorar con Extracto de vainilla, Sal y Nuez moscada.","1) Agregar Yema de huevo, Azucar, Leche, Ron claro, Whiskey Bourbon, Extracto de vainilla, Sal, Crema para batir, Clara de huevo, Azucar y Nuez moscada a un vaso mezclador
2) Agregar hielo a gusto y revolver hasta enfriar bien
3) Colar y servir en ponchera"
Egg Nog - Healthy,"clasico, cremoso","1) Agregar Huevo, Azucar, Leche condensada, Leche y Ron a una coctelera.
2) Agregar hielo a gusto y agitar hasta enfriar bien.
3) Colar y servir en vaso collins.
4) Decorar con Extracto de vainilla y Nuez moscada.","1) Agregar Huevo, Azucar, Leche condensada, Leche, Extracto de vainilla, Ron y Nuez moscada a una coctelera
2) Agregar hielo a gusto y agitar
3) Colar y servir en vaso collins"
Egg-Nog - Classic Cooked,"clasico, cremoso","1) Agregar Huevo, Azucar y Leche a una coctelera.
2) Agregar hielo a gusto y agitar hasta enfriar bien.
3) Colar y servir en jarra.
4) Decorar con Sal y Extracto de vainilla.","1) Agregar Huevo, Azucar, Sal, Leche y Extracto de vainilla a una coctelera
2) Agregar hielo a gusto y agitar
3) Colar y servir en jarra"
El Capitan,"amargo, clasico, peruano, pisco, rapido, vino","1) Agregar Pisco, Vermut rojo y Amargo de angostura a un vaso mezclador.
2) Agregar hielo a gusto y revolver hasta enfriar bien.
3) Colar y servir en copa coupe bien frio.
4) Decorar con Naranja.","1) Agregar Pisco, Vermut rojo, Amargo de angostura y Naranja a un vaso mezclador
2) Agregar hielo a gusto y revolver hasta enfriar bien
3) Colar y servir en copa coupe"
Elderflower Caipirinha,"citrico, clasico","1) Agregar Cachaca y Cordial de flor de sauco a una coctelera.
2) Agregar hielo a gusto y agitar hasta enfriar bien.
3) Colar y servir en vaso collins.
4) Decorar con Lima.","1) Agregar Cachaca, Lima y Cordial de flor de sauco a una coctelera
2) Agregar hielo a gusto y agitar
3) Colar y servir en vaso collins"
Empellón Cocina's Fat-Washed Mezcal,"clasico, mezcal","1) Agregar Mezcal, Licor de chocolate y Licor de cafe a un vaso mezclador.
2) Agregar hielo a gusto y revolver hasta enfriar bien.
3) Colar y servir en beer glass bien frio.","1) Agregar Mezcal, Licor de chocolate y Licor de cafe a un vaso mezclador
2) Agregar hielo a gusto y revolver hasta enfriar bien
3) Colar y servir en beer copa"
English Highball,"clasico, gin, vino","1) Llenar vaso highball con hielo.
2) Agregar Brandy, Gin y Vermut dulce.
3) Completar con Agua con gas y mezclar suavemente.
4) Decorar con Cascara de limon.","1) Agregar Brandy, Gin, Vermut dulce, Agua con gas y Cascara de limon a una coctelera
2) Agregar hielo a gusto y agitar
3) Colar y servir en vaso highball"
English Rose Cocktail,"citrico, clasico, gin","1) Agregar Brandy de damasco, Gin, Vermut seco, Granadina y Jugo de limon a una coctelera.
2) Agregar hielo a gusto y agitar hasta enfriar bien.
3) Colar y servir en copa de coctel.
4) Decorar con Cereza marrasquino.","1) Agregar Brandy de damasco, Gin, Vermut seco, Granadina, Jugo de limon y Cereza marrasquino a una coctelera
2) Agregar hielo a gusto y agitar
3) Colar y servir en copa de coctel"
Esmeralda,"aperitivo, bar-top-chile, chileno-autor, clasico, siam-thai, top-bars","1) Llenar vaso alto con hielo.
2) Agregar Ron blanco, Licor de melon y Salmuera de alcaparron.
3) Completar con Soda y mezclar suavemente.
4) Decorar con Gomita de frutas y Albahaca.","1) Agregar Ron blanco, Licor de melon, Salmuera de alcaparron, Soda, Gomita de frutas y Albahaca a una coctelera
2) Agregar hielo a gusto y agitar
3) Colar y servir en vaso alto"
Espresso Martini,"clasico, martini","1) Agregar Vodka, Kahlua y Jarabe simple a un vaso mezclador.
2) Agregar hielo a gusto y revolver hasta enfriar bien.
3) Colar y servir en copa de coctel bien frio.","1) Agregar Vodka, Kahlua y Jarabe simple a un vaso mezclador
2) Agregar hielo a gusto y revolver hasta enfriar bien
3) Colar y servir en copa de coctel"
Espresso Rumtini,"cafe, clasico","1) Agregar Ron, Jarabe de vainilla, Cafe y Cafe a una coctelera.
2) Agregar hielo a gusto y agitar hasta enfriar bien.
3) Colar y servir en copa de coctel.","1) Agregar Ron, Jarabe de vainilla, Cafe y Cafe a una coctelera
2) Agregar hielo a gusto y agitar
3) Colar y servir en copa de coctel"
Fahrenheit 5000,clasico,"1) Agregar Aguardiente y Vodka Pepper a un vaso mezclador.
2) Agregar hielo a gusto y revolver hasta enfriar bien.
3) Colar y servir en vaso de shot bien frio.
4) Decorar con Tabasco sauce.","1) Agregar Aguardiente, Vodka Pepper y Tabasco sauce a un vaso mezclador
2) Agregar hielo a gusto y revolver hasta enfriar bien
3) Colar y servir en vaso de shot"
Fernet con coca,"amargo, argentino, clasico, rapido","1) Llenar vaso highball con hielo.
2) Agregar Fernet.
3) Completar con Coca-Cola y mezclar suavemente.","1) Agregar Fernet, Coca-Cola y Hielo a una coctelera
2) Agregar hielo a gusto y agitar
3) Colar y servir en vaso highball"
Figgy Thyme,"amargo, clasico","1) Llenar vaso collins con hielo.
2) Agregar Vodka, Miel, Higos y Amargo de angostura.
3) Completar con Agua tonica y mezclar suavemente.
4) Decorar con Tomillo.","1) Agregar Vodka, Miel, Higos, Tomillo, Amargo de angostura y Agua tonica a una coctelera
2) Agregar hielo a gusto y agitar
3) Colar y servir en vaso collins"
Final Ward,"citrico, last-word-family, moderno, top-bars","1) Agregar Whisky de centeno, Green Chartreuse, Licor de maraschino y Jugo de limon a una coctelera.
2) Agregar hielo a gusto y agitar hasta enfriar bien.
3) Colar y servir en copa coupe.","1) Agregar Whisky de centeno, Green Chartreuse, Licor de maraschino y Jugo de limon a una coctelera
2) Agregar hielo a gusto y agitar
3) Colar y servir en copa coupe"
Flaming Dr. Pepper,clasico,"1) Agregar Amaretto, Vodka, Ron 151 grados, Dr. Pepper y Cerveza a un vaso mezclador.
2) Agregar hielo a gusto y revolver hasta enfriar bien.
3) Colar y servir en vaso collins bien frio.","1) Agregar Amaretto, Vodka, Ron 151 grados, Dr. Pepper y Cerveza a un vaso mezclador
2) Agregar hielo a gusto y revolver hasta enfriar bien
3) Colar y servir en vaso collins"
Flaming Lamborghini,clasico,"1) Agregar Kahlua, Sambuca, Curacao azul y Baileys crema irlandesa a un vaso mezclador.
2) Agregar hielo a gusto y revolver hasta enfriar bien.
3) Colar y servir en copa de coctel bien frio.","1) Agregar Kahlua, Sambuca, Curacao azul y Baileys crema irlandesa a un vaso mezclador
2) Agregar hielo a gusto y revolver hasta enfriar bien
3) Colar y servir en copa de coctel"
Flander's Flake-Out,clasico,"1) Agregar Sambuca y Sarsaparilla a una coctelera.
2) Agregar hielo a gusto y agitar hasta enfriar bien.
3) Colar y servir en vaso collins.","1) Agregar Sambuca y Sarsaparilla a una coctelera
2) Agregar hielo a gusto y agitar
3) Colar y servir en vaso collins"
Flying Dutchman,"clasico, gin","1) Agregar Gin y Triple sec a un vaso mezclador.
2) Agregar hielo a gusto y revolver hasta enfriar bien.
3) Colar y servir en vaso old fashioned bien frio.","1) Agregar Gin y Triple sec a un vaso mezclador
2) Agregar hielo a gusto y revolver hasta enfriar bien
3) Colar y servir en vaso old fashioned"
Flying Scotchman,"amargo, clasico, vino","1) Agregar Whisky escoces, Vermut dulce, Amargo de angostura y Jarabe simple a un vaso mezclador.
2) Agregar hielo a gusto y revolver hasta enfriar bien.
3) Colar y servir en copa de coctel bien frio.","1) Agregar Whisky escoces, Vermut dulce, Amargo de angostura y Jarabe simple a un vaso mezclador
2) Agregar hielo a gusto y revolver hasta enfriar bien
3) Colar y servir en copa de coctel"
Foxy Lady,clasico,"1) Agregar Amaretto, Crema de cacao y Crema ligera a un vaso mezclador.
2) Agregar hielo a gusto y revolver hasta enfriar bien.
3) Colar y servir en copa de coctel bien frio.","1) Agregar Amaretto, Crema de cacao y Crema ligera a un vaso mezclador
2) Agregar hielo a gusto y revolver hasta enfriar bien
3) Colar y servir en copa de coctel"
Frappé,"cafe, clasico, cremoso, refrescante","1) Agregar Cafe, Leche y Azucar a una coctelera.
2) Agregar hielo a gusto y agitar hasta enfriar bien.
3) Colar y servir en vaso highball.","1) Agregar Cafe, Leche y Azucar a una coctelera
2) Agregar hielo a gusto y agitar
3) Colar y servir en vaso highball"
Freddy Kruger,clasico,"1) Agregar Jägermeister, Sambuca y Vodka a un vaso mezclador.
2) Agregar hielo a gusto y revolver hasta enfriar bien.
3) Colar y servir en vaso de shot bien frio.","1) Agregar Jägermeister, Sambuca y Vodka a un vaso mezclador
2) Agregar hielo a gusto y revolver hasta enfriar bien
3) Colar y servir en vaso de shot"
French 75,"citrico, clasico, espumante, gin","1) Agregar Gin, Azucar y Jugo de limon a una coctelera.
2) Agregar hielo a gusto y agitar hasta enfriar bien.
3) Colar en vaso collins y completar con Champagne.
4) Decorar con Naranja y Cereza marrasquino.","1) Agregar Gin, Azucar, Jugo de limon, Champagne, Naranja y Cereza marrasquino a una coctelera
2) Agregar hielo a gusto y agitar
3) Colar y servir en vaso collins"
French Connection,clasico,"1) Agregar Cognac y Amaretto a un vaso mezclador.
2) Agregar hielo a gusto y revolver hasta enfriar bien.
3) Colar y servir en vaso old fashioned bien frio.","1) Agregar Cognac y Amaretto a un vaso mezclador
2) Agregar hielo a gusto y revolver hasta enfriar bien
3) Colar y servir en vaso old fashioned"
French Martini,"citrico, clasico, martini","1) Agregar Vodka, Licor de frambuesa y Jugo de piña a un vaso mezclador.
2) Agregar hielo a gusto y revolver hasta enfriar bien.
3) Colar y servir en copa de coctel bien frio.","1) Agregar Vodka, Licor de frambuesa y Jugo de piña a un vaso mezclador
2) Agregar hielo a gusto y revolver hasta enfriar bien
3) Colar y servir en copa de coctel"
French Negroni,"clasico, gin, negroni, vino","1) Agregar Gin, Lillet y Vermut dulce a un vaso mezclador.
2) Agregar hielo a gusto y revolver hasta enfriar bien.
3) Colar y servir en copa martini bien frio.
4) Decorar con Cascara de naranja.","1) Agregar Gin, Lillet, Vermut dulce y Cascara de naranja a un vaso mezclador
2) Agregar hielo a gusto y revolver hasta enfriar bien
3) Colar y servir en copa martini"
Frisco Sour,"citrico, clasico, sour","1) Agregar Whisky mezclado, Benedictine, Limon y Lima a una coctelera.
2) Agregar hielo a gusto y agitar hasta enfriar bien.
3) Colar y servir en copa sour.
4) Decorar con Limon y Lima.","1) Agregar Whisky mezclado, Benedictine, Limon, Lima, Limon y Lima a una coctelera
2) Agregar hielo a gusto y agitar
3) Colar y servir en copa sour"
Frosé,"citrico, clasico, frutal","1) Agregar Azucar, Frutillas y Jugo de limon a una coctelera.
2) Agregar hielo a gusto y agitar hasta enfriar bien.
3) Colar y servir en copa de coctel.
4) Decorar con Rosa.","1) Agregar Rosa, Azucar, Frutillas y Jugo de limon a una coctelera
2) Agregar hielo a gusto y agitar
3) Colar y servir en copa de coctel"
Frozen Daiquiri,"citrico, clasico, tiki","1) Agregar Ron claro, Triple sec, Jugo de lima y Azucar a una coctelera.
2) Agregar hielo a gusto y agitar hasta enfriar bien.
3) Colar y servir en copa flauta.
4) Decorar con Cereza marrasquino.","1) Agregar Ron claro, Triple sec, Jugo de lima, Azucar, Cereza marrasquino y Hielo a una coctelera
2) Agregar hielo a gusto y agitar
3) Colar y servir en copa flauta"
Frozen Mint Daiquiri,"citrico, clasico, tiki","1) Agregar Ron claro, Jugo de lima, Menta y Azucar a una coctelera.
2) Agregar hielo a gusto y agitar hasta enfriar bien.
3) Colar y servir en vaso old fashioned.","1) Agregar Ron claro, Jugo de lima, Menta y Azucar a una coctelera
2) Agregar hielo a gusto y agitar
3) Colar y servir en vaso old fashioned"
Frozen Pineapple Daiquiri,"citrico, clasico, tiki","1) Agregar Ron claro, Pina, Jugo de lima y Azucar a una coctelera.
2) Agregar hielo a gusto y agitar hasta enfriar bien.
3) Colar y servir en copa de coctel.","1) Agregar Ron claro, Pina, Jugo de lima y Azucar a una coctelera
2) Agregar hielo a gusto y agitar
3) Colar y servir en copa de coctel"
Fruit Cooler,"citrico, clasico, frutal, refrescante","1) Llenar vaso highball con hielo.
2) Agregar Jugo de manzana, Frutillas, Azucar y Manzana.
3) Completar con Agua con gas y mezclar suavemente.
4) Decorar con Limon.","1) Agregar Jugo de manzana, Frutillas, Azucar, Limon, Manzana, Agua con gas y Hielo a una coctelera
2) Agregar hielo a gusto y agitar
3) Colar y servir en vaso highball"
Fruit Flip-Flop,"citrico, clasico, refrescante","1) Agregar Yogur y Jugo de frutas a una coctelera.
2) Agregar hielo a gusto y agitar hasta enfriar bien.
3) Colar y servir en vaso highball.","1) Agregar Yogur y Jugo de frutas a una coctelera
2) Agregar hielo a gusto y agitar
3) Colar y servir en vaso highball"
Fruit Shake,"citrico, clasico, refrescante","1) Agregar Yogur, Platano, Jugo de naranja y Fruta a una coctelera.
2) Agregar hielo a gusto y agitar hasta enfriar bien.
3) Colar y servir en vaso highball.","1) Agregar Yogur, Platano, Jugo de naranja, Fruta y Hielo a una coctelera
2) Agregar hielo a gusto y agitar
3) Colar y servir en vaso highball"
Funk and Soul,"citrico, clasico","1) Llenar vaso collins con hielo.
2) Agregar Ron, Nectar de damasco, Jugo de granada y Limon.
3) Completar con Agua con gas y mezclar suavemente.","1) Agregar Ron, Nectar de damasco, Jugo de granada, Limon y Agua con gas a una coctelera
2) Agregar hielo a gusto y agitar
3) Colar y servir en vaso collins"
Fuzzy Asshole,"cafe, clasico","1) Agregar Cafe y Schnapps de durazno a una coctelera.
2) Agregar hielo a gusto y agitar hasta enfriar bien.
3) Colar y servir en taza.","1) Agregar Cafe y Schnapps de durazno a una coctelera
2) Agregar hielo a gusto y agitar
3) Colar y servir en taza"
Gagliardo,"citrico, clasico","1) Agregar Vodka de durazno, Jugo de limon, Galliano y Jarabe de rosas a una coctelera.
2) Agregar hielo a gusto y agitar hasta enfriar bien.
3) Colar y servir en copa de coctel.","1) Agregar Vodka de durazno, Jugo de limon, Galliano y Jarabe de rosas a una coctelera
2) Agregar hielo a gusto y agitar
3) Colar y servir en copa de coctel"
Gancia Batido,"aperitivo, argentino, citrico, clasico, rapido","1) Agregar Gancia, Jugo de limon y Azucar a una coctelera.
2) Agregar hielo a gusto y agitar hasta enfriar bien.
3) Colar y servir en vaso bajo.","1) Agregar Gancia, Jugo de limon, Azucar y Hielo a una coctelera
2) Agregar hielo a gusto y agitar
3) Colar y servir en vaso bajo"
Garibaldi,"aperitivo, campari, citrico, italiano","1) Agregar Campari y Jugo de naranja a una coctelera.
2) Agregar hielo a gusto y agitar hasta enfriar bien.
3) Colar y servir en vaso highball.","1) Agregar Campari, Jugo de naranja y Hielo a una coctelera
2) Agregar hielo a gusto y agitar
3) Colar y servir en vaso highball"
GG,"clasico, gin","1) Llenar vaso collins con hielo.
2) Agregar Galliano.
3) Completar con Ginger ale y mezclar suavemente.","1) Agregar Galliano, Ginger ale y Hielo a una coctelera
2) Agregar hielo a gusto y agitar
3) Colar y servir en vaso collins"
Gimlet,"citrico, clasico, gin","1) Agregar Gin, Jugo de lima y Jarabe simple a una coctelera.
2) Agregar hielo a gusto y agitar hasta enfriar bien.
3) Colar y servir en vaso old fashioned.
4) Decorar con Lima.","1) Agregar Gin, Jugo de lima, Jarabe simple y Lima a una coctelera
2) Agregar hielo a gusto y agitar
3) Colar y servir en vaso old fashioned"
Gin and Soda,"citrico, clasico, gin","1) Llenar vaso highball con hielo.
2) Agregar Gin y Lima.
3) Completar con Agua con gas y mezclar suavemente.","1) Agregar Gin, Agua con gas y Lima a una coctelera
2) Agregar hielo a gusto y agitar
3) Colar y servir en vaso highball"
Gin Basil Smash,"citrico, gin, moderno, top-bars","1) Agregar Gin, Jugo de limon y Jarabe simple a una coctelera.
2) Agregar hielo a gusto y agitar hasta enfriar bien.
3) Colar y servir en vaso bajo.
4) Decorar con Albahaca.","1) Agregar Gin, Jugo de limon, Jarabe simple y Albahaca a una coctelera
2) Agregar hielo a gusto y agitar
3) Colar y servir en vaso bajo"
Gin Cooler,"clasico, gin","1) Llenar vaso collins con hielo.
2) Agregar Gin y Azucar flor.
3) Completar con Agua con gas y mezclar suavemente.
4) Decorar con Espiral de naranja y Cascara de limon.","1) Agregar Gin, Agua con gas, Azucar flor, Espiral de naranja y Cascara de limon a una coctelera
2) Agregar hielo a gusto y agitar
3) Colar y servir en vaso collins"
Gin Daisy,"citrico, clasico, gin","1) Agregar Gin, Jugo de limon, Azucar y Granadina a una coctelera.
2) Agregar hielo a gusto y agitar hasta enfriar bien.
3) Colar y servir en vaso old fashioned.
4) Decorar con Cereza marrasquino y Naranja.","1) Agregar Gin, Jugo de limon, Azucar, Granadina, Cereza marrasquino y Naranja a una coctelera
2) Agregar hielo a gusto y agitar
3) Colar y servir en vaso old fashioned"
Gin Fizz,"citrico, clasico, gin","1) Agregar Gin, Limon y Azucar flor a una coctelera.
2) Agregar hielo a gusto y agitar hasta enfriar bien.
3) Colar en vaso highball y completar con Agua con gas.","1) Agregar Gin, Limon, Azucar flor y Agua con gas a una coctelera
2) Agregar hielo a gusto y agitar
3) Colar y servir en vaso highball"
Gin Lemon,"citrico, clasico, gin","1) Agregar Gin y Jugo de limon a una coctelera.
2) Agregar hielo a gusto y agitar hasta enfriar bien.
3) Colar y servir en vaso highball.
4) Decorar con Cascara de limon.","1) Agregar Gin, Jugo de limon, Cascara de limon y Hielo a una coctelera
2) Agregar hielo a gusto y agitar
3) Colar y servir en vaso highball"
Gin Rickey,"citrico, clasico, gin","1) Llenar vaso highball con hielo.
2) Agregar Gin, Granadina, Limon y Lima.
3) Completar con Agua con gas y mezclar suavemente.","1) Agregar Gin, Granadina, Limon, Agua con gas y Lima a una coctelera
2) Agregar hielo a gusto y agitar
3) Colar y servir en vaso highball"
Gin Sling,"citrico, clasico, gin","1) Agregar Gin, Limon, Azucar flor y Agua a una coctelera.
2) Agregar hielo a gusto y agitar hasta enfriar bien.
3) Colar y servir en vaso old fashioned.
4) Decorar con Cascara de naranja.","1) Agregar Gin, Limon, Azucar flor, Agua y Cascara de naranja a una coctelera
2) Agregar hielo a gusto y agitar
3) Colar y servir en vaso old fashioned"
Gin Smash,"citrico, clasico, gin","1) Llenar vaso old fashioned con hielo.
2) Agregar Gin, Azucar y Menta.
3) Completar con Agua con gas y mezclar suavemente.
4) Decorar con Naranja y Cereza marrasquino.","1) Agregar Gin, Agua con gas, Azucar, Menta, Naranja y Cereza marrasquino a una coctelera
2) Agregar hielo a gusto y agitar
3) Colar y servir en vaso old fashioned"
Gin Sour,"citrico, clasico, gin, sour","1) Agregar Gin, Jugo de limon y Azucar a una coctelera.
2) Agregar hielo a gusto y agitar hasta enfriar bien.
3) Colar y servir en copa sour.
4) Decorar con Naranja y Cereza marrasquino.","1) Agregar Gin, Jugo de limon, Azucar, Naranja y Cereza marrasquino a una coctelera
2) Agregar hielo a gusto y agitar
3) Colar y servir en copa sour"
Gin Squirt,"clasico, frutal, gin","1) Llenar vaso highball con hielo.
2) Agregar Gin, Granadina, Azucar flor, Pina y Frutillas.
3) Completar con Agua con gas y mezclar suavemente.","1) Agregar Gin, Granadina, Azucar flor, Pina, Frutillas y Agua con gas a una coctelera
2) Agregar hielo a gusto y agitar
3) Colar y servir en vaso highball"
Gin Swizzle,"amargo, citrico, clasico, gin","1) Llenar vaso highball con hielo.
2) Agregar Jugo de lima, Azucar, Gin y Amargo de angostura.
3) Completar con Agua tonica y mezclar suavemente.","1) Agregar Jugo de lima, Azucar, Gin, Amargo de angostura y Agua tonica a una coctelera
2) Agregar hielo a gusto y agitar
3) Colar y servir en vaso highball"
Gin Toddy,"clasico, gin","1) Agregar Gin, Agua y Azucar flor a una coctelera.
2) Agregar hielo a gusto y agitar hasta enfriar bien.
3) Colar y servir en vaso old fashioned.
4) Decorar con Cascara de limon.","1) Agregar Gin, Agua, Azucar flor y Cascara de limon a una coctelera
2) Agregar hielo a gusto y agitar
3) Colar y servir en vaso old fashioned"
Gin Tonic,"clasico, gin","1) Llenar vaso highball con hielo.
2) Agregar Gin.
3) Completar con Agua tonica y mezclar suavemente.
4) Decorar con Cascara de limon.","1) Agregar Gin, Agua tonica, Cascara de limon y Hielo a una coctelera
2) Agregar hielo a gusto y agitar
3) Colar y servir en vaso highball"
Gluehwein,"clasico, vino","1) Agregar Vino tinto, Agua y Azucar a una coctelera.
2) Agregar hielo a gusto y agitar hasta enfriar bien.
3) Colar y servir en copa irlandesa.
4) Decorar con Canela, Clavos de olor y Cascara de limon.","1) Agregar Vino tinto, Agua, Azucar, Canela, Clavos de olor y Cascara de limon a una coctelera
2) Agregar hielo a gusto y agitar
3) Colar y servir en copa irlandesa"
Godchild,"clasico, cremoso","1) Agregar Vodka, Amaretto y Crema espesa a un vaso mezclador.
2) Agregar hielo a gusto y revolver hasta enfriar bien.
3) Colar y servir en copa flauta bien frio.","1) Agregar Vodka, Amaretto y Crema espesa a un vaso mezclador
2) Agregar hielo a gusto y revolver hasta enfriar bien
3) Colar y servir en copa flauta"
Godfather,clasico,"1) Agregar Whisky escoces y Amaretto a un vaso mezclador.
2) Agregar hielo a gusto y revolver hasta enfriar bien.
3) Colar y servir en vaso old fashioned bien frio.","1) Agregar Whisky escoces y Amaretto a un vaso mezclador
2) Agregar hielo a gusto y revolver hasta enfriar bien
3) Colar y servir en vaso old fashioned"
Godmother,clasico,"1) Agregar Vodka y Amaretto a un vaso mezclador.
2) Agregar hielo a gusto y revolver hasta enfriar bien.
3) Colar y servir en vaso old fashioned bien frio.","1) Agregar Vodka y Amaretto a un vaso mezclador
2) Agregar hielo a gusto y revolver hasta enfriar bien
3) Colar y servir en vaso old fashioned"
Gold Rush,"citrico, estadounidense, moderno, sour, top-bars","1) Agregar Whiskey Bourbon, Jugo de limon y Jarabe de miel a una coctelera.
2) Agregar hielo a gusto y agitar hasta enfriar bien.
3) Colar y servir en vaso bajo.","1) Agregar Whiskey Bourbon, Jugo de limon y Jarabe de miel a una coctelera
2) Agregar hielo a gusto y agitar
3) Colar y servir en vaso bajo"
Grand Blue,clasico,"1) Agregar Ron Malibu, Schnapps de durazno, Curacao azul y Mezcla agridulce a un vaso mezclador.
2) Agregar hielo a gusto y revolver hasta enfriar bien.
3) Colar y servir en vaso old fashioned bien frio.","1) Agregar Ron Malibu, Schnapps de durazno, Curacao azul y Mezcla agridulce a un vaso mezclador
2) Agregar hielo a gusto y revolver hasta enfriar bien
3) Colar y servir en vaso old fashioned"
Grass Skirt,"citrico, clasico, gin","1) Agregar Gin, Triple sec, Jugo de piña, Granadina y Pina a una coctelera.
2) Agregar hielo a gusto y agitar hasta enfriar bien.
3) Colar y servir en vaso old fashioned.","1) Agregar Gin, Triple sec, Jugo de piña, Granadina y Pina a una coctelera
2) Agregar hielo a gusto y agitar
3) Colar y servir en vaso old fashioned"
Grasshopper,clasico,"1) Agregar Crema de menta verde, Crema de cacao y Crema ligera a un vaso mezclador.
2) Agregar hielo a gusto y revolver hasta enfriar bien.
3) Colar y servir en copa de coctel bien frio.","1) Agregar Crema de menta verde, Crema de cacao y Crema ligera a un vaso mezclador
2) Agregar hielo a gusto y revolver hasta enfriar bien
3) Colar y servir en copa de coctel"
Greyhound,"citrico, clasico","1) Agregar Vodka y Jugo de pomelo a una coctelera.
2) Agregar hielo a gusto y agitar hasta enfriar bien.
3) Colar y servir en vaso collins.","1) Agregar Vodka y Jugo de pomelo a una coctelera
2) Agregar hielo a gusto y agitar
3) Colar y servir en vaso collins"
Grim Reaper,clasico,"1) Agregar Kahlua, Ron 151 grados y Granadina a un vaso mezclador.
2) Agregar hielo a gusto y revolver hasta enfriar bien.
3) Colar y servir en vaso old fashioned bien frio.","1) Agregar Kahlua, Ron 151 grados y Granadina a un vaso mezclador
2) Agregar hielo a gusto y revolver hasta enfriar bien
3) Colar y servir en vaso old fashioned"
H.D.,"cafe, clasico","1) Agregar Whisky, Baileys crema irlandesa y Cafe a un vaso mezclador.
2) Agregar hielo a gusto y revolver hasta enfriar bien.
3) Colar y servir en jarro cervecero bien frio.","1) Agregar Whisky, Baileys crema irlandesa y Cafe a un vaso mezclador
2) Agregar hielo a gusto y revolver hasta enfriar bien
3) Colar y servir en jarro cervecero"
Halloween Punch,"citrico, clasico","1) Agregar Jugo de cereza y Vodka a una coctelera.
2) Agregar hielo a gusto y agitar hasta enfriar bien.
3) Colar y servir en ponchera.
4) Decorar con Cascara de naranja, Aji, Clavos de olor y Ginger.","1) Agregar Jugo de cereza, Cascara de naranja, Aji, Clavos de olor, Ginger y Vodka a una coctelera
2) Agregar hielo a gusto y agitar
3) Colar y servir en ponchera"
Happy Skipper,"citrico, clasico, gin","1) Llenar vaso highball con hielo.
2) Agregar Ron especiado y Lima.
3) Completar con Ginger ale y mezclar suavemente.","1) Agregar Ron especiado, Ginger ale, Lima y Hielo a una coctelera
2) Agregar hielo a gusto y agitar
3) Colar y servir en vaso highball"
Harvey Wallbanger,"citrico, clasico","1) Agregar Vodka, Galliano y Jugo de naranja a una coctelera.
2) Agregar hielo a gusto y agitar hasta enfriar bien.
3) Colar y servir en vaso collins.","1) Agregar Vodka, Galliano y Jugo de naranja a una coctelera
2) Agregar hielo a gusto y agitar
3) Colar y servir en vaso collins"
Havana Cocktail,"citrico, clasico","1) Agregar Ron claro, Jugo de piña y Jugo de limon a una coctelera.
2) Agregar hielo a gusto y agitar hasta enfriar bien.
3) Colar y servir en copa de coctel.","1) Agregar Ron claro, Jugo de piña y Jugo de limon a una coctelera
2) Agregar hielo a gusto y agitar
3) Colar y servir en copa de coctel"
Hawaiian Cocktail,"citrico, clasico, gin","1) Agregar Gin, Triple sec y Jugo de piña a una coctelera.
2) Agregar hielo a gusto y agitar hasta enfriar bien.
3) Colar y servir en copa de coctel.","1) Agregar Gin, Triple sec y Jugo de piña a una coctelera
2) Agregar hielo a gusto y agitar
3) Colar y servir en copa de coctel"
Hemingway Special,"citrico, clasico","1) Agregar Ron, Jugo de pomelo, Licor de maraschino y Jugo de lima a una coctelera.
2) Agregar hielo a gusto y agitar hasta enfriar bien.
3) Colar y servir en copa de coctel.","1) Agregar Ron, Jugo de pomelo, Licor de maraschino y Jugo de lima a una coctelera
2) Agregar hielo a gusto y agitar
3) Colar y servir en copa de coctel"
Herbal flame,clasico,"1) Agregar Fireball y Te a una coctelera.
2) Agregar hielo a gusto y agitar hasta enfriar bien.
3) Colar y servir en frasco mason.","1) Agregar Fireball y Te a una coctelera
2) Agregar hielo a gusto y agitar
3) Colar y servir en frasco mason"
Highland Fling Cocktail,"clasico, vino","1) Agregar Whisky escoces, Vermut dulce y Amargo de naranja a un vaso mezclador.
2) Agregar hielo a gusto y revolver hasta enfriar bien.
3) Colar y servir en copa de coctel bien frio.
4) Decorar con Aceituna.","1) Agregar Whisky escoces, Vermut dulce, Amargo de naranja y Aceituna a un vaso mezclador
2) Agregar hielo a gusto y revolver hasta enfriar bien
3) Colar y servir en copa de coctel"
Holloween Punch,"citrico, clasico, refrescante","1) Llenar ponchera con hielo.
2) Agregar Jugo de uva, Helado y Helado.
3) Completar con Bebida y mezclar suavemente.","1) Agregar Jugo de uva, Bebida, Helado y Helado a una coctelera
2) Agregar hielo a gusto y agitar
3) Colar y servir en ponchera"
Homemade Kahlua,"cafe, clasico","1) Agregar Azucar, Corn syrup, Cafe, Agua y Vodka a una coctelera.
2) Agregar hielo a gusto y agitar hasta enfriar bien.
3) Colar y servir en vaso collins.
4) Decorar con Extracto de vainilla.","1) Agregar Azucar, Corn syrup, Cafe, Extracto de vainilla, Agua y Vodka a una coctelera
2) Agregar hielo a gusto y agitar
3) Colar y servir en vaso collins"
Honey Bee,"citrico, clasico","1) Agregar Ron blanco, Miel y Jugo de limon a una coctelera.
2) Agregar hielo a gusto y agitar hasta enfriar bien.
3) Colar y servir en copa margarita.","1) Agregar Ron blanco, Miel y Jugo de limon a una coctelera
2) Agregar hielo a gusto y agitar
3) Colar y servir en copa margarita"
Horse's Neck,"amargo, clasico, gin","1) Llenar vaso highball con hielo.
2) Agregar Brandy y Amargo de angostura.
3) Completar con Ginger ale y mezclar suavemente.
4) Decorar con Cascara de limon.","1) Agregar Cascara de limon, Brandy, Ginger ale y Amargo de angostura a una coctelera
2) Agregar hielo a gusto y agitar
3) Colar y servir en vaso highball"
Hot Chocolate to Die for,"clasico, refrescante","1) Agregar Mantequilla, Mitad crema mitad leche y Marshmallows a una coctelera.
2) Agregar hielo a gusto y agitar hasta enfriar bien.
3) Colar y servir en taza.
4) Decorar con Chocolate y Extracto de vainilla.","1) Agregar Chocolate, Mantequilla, Extracto de vainilla, Mitad crema mitad leche y Marshmallows a una coctelera
2) Agregar hielo a gusto y agitar
3) Colar y servir en taza"
Hot Creamy Bush,"cafe, clasico","1) Agregar Whisky irlandes, Baileys crema irlandesa y Cafe a un vaso mezclador.
2) Agregar hielo a gusto y revolver hasta enfriar bien.
3) Colar y servir en copa irlandesa bien frio.","1) Agregar Whisky irlandes, Baileys crema irlandesa y Cafe a un vaso mezclador
2) Agregar hielo a gusto y revolver hasta enfriar bien
3) Colar y servir en copa irlandesa"
Hot Toddy,"citrico, clasico","1) Agregar Whisky y Miel a una coctelera.
2) Agregar hielo a gusto y agitar hasta enfriar bien.
3) Colar y servir en copa irlandesa.
4) Decorar con Canela, Limon y Clavos de olor.","1) Agregar Whisky, Miel, Canela, Limon y Clavos de olor a una coctelera
2) Agregar hielo a gusto y agitar
3) Colar y servir en copa irlandesa"
Hugo Spritz,"aperitivo, clasico, espumante, italiano, rapido, refrescante","1) Llenar copa de vino con hielo.
2) Agregar St. Germain.
3) Completar con Prosecco y Agua con gas y mezclar suavemente.
4) Decorar con Menta y Lima.","1) Agregar St. Germain, Prosecco, Agua con gas, Menta y Lima a una coctelera
2) Agregar hielo a gusto y agitar
3) Colar y servir en copa de vino"
Hunter's Moon,clasico,"1) Agregar Vermut, Jarabe simple, Limonada y Moras a una coctelera.
2) Agregar hielo a gusto y agitar hasta enfriar bien.
3) Colar y servir en copa balón.
4) Decorar con Cereza marrasquino.","1) Agregar Vermut, Cereza marrasquino, Jarabe simple, Limonada y Moras a una coctelera
2) Agregar hielo a gusto y agitar
3) Colar y servir en copa balón"
Ice Pick,"citrico, clasico","1) Agregar Vodka, Te helado y Jugo de limon a una coctelera.
2) Agregar hielo a gusto y agitar hasta enfriar bien.
3) Colar y servir en vaso collins.","1) Agregar Vodka, Te helado y Jugo de limon a una coctelera
2) Agregar hielo a gusto y agitar
3) Colar y servir en vaso collins"
Iced Coffee,"cafe, clasico, cremoso, refrescante","1) Agregar Cafe, Azucar, Agua y Leche a una coctelera.
2) Agregar hielo a gusto y agitar hasta enfriar bien.
3) Colar y servir en taza.","1) Agregar Cafe, Azucar, Agua y Leche a una coctelera
2) Agregar hielo a gusto y agitar
3) Colar y servir en taza"
Iced Coffee Fillip,"cafe, clasico","1) Agregar Kahlua y Cafe a una coctelera.
2) Agregar hielo a gusto y agitar hasta enfriar bien.
3) Colar y servir en taza.","1) Agregar Kahlua y Cafe a una coctelera
2) Agregar hielo a gusto y agitar
3) Colar y servir en taza"
Imperial Cocktail,"citrico, clasico, gin","1) Agregar Jugo de lima, Gin y Aperol a una coctelera.
2) Agregar hielo a gusto y agitar hasta enfriar bien.
3) Colar y servir en copa de coctel.","1) Agregar Jugo de lima, Gin y Aperol a una coctelera
2) Agregar hielo a gusto y agitar
3) Colar y servir en copa de coctel"
Imperial Fizz,"citrico, clasico","1) Agregar Ron claro, Whisky mezclado, Limon y Azucar flor a una coctelera.
2) Agregar hielo a gusto y agitar hasta enfriar bien.
3) Colar en vaso highball y completar con Agua con gas.","1) Agregar Ron claro, Whisky mezclado, Limon, Azucar flor y Agua con gas a una coctelera
2) Agregar hielo a gusto y agitar
3) Colar y servir en vaso highball"
Ipamena,"citrico, clasico, frutal, gin, refrescante","1) Llenar copa de vino con hielo.
2) Agregar Lima, Azucar rubia y Jugo de maracuya.
3) Completar con Ginger ale y mezclar suavemente.","1) Agregar Lima, Azucar rubia, Jugo de maracuya, Ginger ale y Hielo a una coctelera
2) Agregar hielo a gusto y agitar
3) Colar y servir en copa de vino"
Irish Coffee,"cafe, clasico","1) Agregar Whisky irlandes, Cafe, Azucar y Crema batida a una coctelera.
2) Agregar hielo a gusto y agitar hasta enfriar bien.
3) Colar y servir en copa irlandesa.","1) Agregar Whisky irlandes, Cafe, Azucar y Crema batida a una coctelera
2) Agregar hielo a gusto y agitar
3) Colar y servir en copa irlandesa"
Irish Cream,"clasico, cremoso","1) Agregar Whisky escoces, Mitad crema mitad leche, Leche condensada, Jarabe de coco y Jarabe de chocolate a una coctelera.
2) Agregar hielo a gusto y agitar hasta enfriar bien.
3) Colar y servir en copa irlandesa.","1) Agregar Whisky escoces, Mitad crema mitad leche, Leche condensada, Jarabe de coco y Jarabe de chocolate a una coctelera
2) Agregar hielo a gusto y agitar
3) Colar y servir en copa irlandesa"
Irish Curdling Cow,"citrico, clasico","1) Agregar Baileys crema irlandesa, Whiskey Bourbon, Vodka y Jugo de naranja a una coctelera.
2) Agregar hielo a gusto y agitar hasta enfriar bien.
3) Colar y servir en vaso highball.","1) Agregar Baileys crema irlandesa, Whiskey Bourbon, Vodka y Jugo de naranja a una coctelera
2) Agregar hielo a gusto y agitar
3) Colar y servir en vaso highball"
Irish Russian,clasico,"1) Llenar vaso highball con hielo.
2) Agregar Vodka, Kahlua y Guinness stout.
3) Completar con Coca-Cola y mezclar suavemente.","1) Agregar Vodka, Kahlua, Coca-Cola y Guinness stout a una coctelera
2) Agregar hielo a gusto y agitar
3) Colar y servir en vaso highball"
Irish Spring,"citrico, clasico","1) Agregar Whisky irlandes, Brandy de durazno, Jugo de naranja y Mezcla agridulce a una coctelera.
2) Agregar hielo a gusto y agitar hasta enfriar bien.
3) Colar y servir en vaso collins.
4) Decorar con Naranja y Cereza marrasquino.","1) Agregar Whisky irlandes, Brandy de durazno, Jugo de naranja, Mezcla agridulce, Naranja y Cereza marrasquino a una coctelera
2) Agregar hielo a gusto y agitar
3) Colar y servir en vaso collins"
Jack Rose Cocktail,"citrico, clasico","1) Agregar Brandy de manzana, Granadina y Lima a una coctelera.
2) Agregar hielo a gusto y agitar hasta enfriar bien.
3) Colar y servir en copa de coctel.","1) Agregar Brandy de manzana, Granadina y Lima a una coctelera
2) Agregar hielo a gusto y agitar
3) Colar y servir en copa de coctel"
Jack's Vanilla Coke,clasico,"1) Llenar vaso old fashioned con hielo.
2) Agregar Whisky de Tennessee.
3) Completar con Coca-Cola y mezclar suavemente.
4) Decorar con Extracto de vainilla.","1) Agregar Hielo, Whisky de Tennessee, Extracto de vainilla y Coca-Cola a una coctelera
2) Agregar hielo a gusto y agitar
3) Colar y servir en vaso old fashioned"
Jackhammer,clasico,"1) Agregar Jack Daniels y Amaretto a un vaso mezclador.
2) Agregar hielo a gusto y revolver hasta enfriar bien.
3) Colar y servir en vaso collins bien frio.","1) Agregar Jack Daniels y Amaretto a un vaso mezclador
2) Agregar hielo a gusto y revolver hasta enfriar bien
3) Colar y servir en vaso collins"
Jam Donut,clasico,"1) Agregar Baileys crema irlandesa, Chambord raspberry liqueur, Jarabe simple y Azucar a un vaso mezclador.
2) Agregar hielo a gusto y revolver hasta enfriar bien.
3) Colar y servir en vaso de shot bien frio.","1) Agregar Baileys crema irlandesa, Chambord raspberry liqueur, Jarabe simple y Azucar a un vaso mezclador
2) Agregar hielo a gusto y revolver hasta enfriar bien
3) Colar y servir en vaso de shot"
Jamaica Kiss,"clasico, cremoso","1) Agregar Licor de cafe, Ron claro y Leche a un vaso mezclador.
2) Agregar hielo a gusto y revolver hasta enfriar bien.
3) Colar y servir en copa hurricane bien frio.","1) Agregar Licor de cafe, Ron claro, Hielo y Leche a un vaso mezclador
2) Agregar hielo a gusto y revolver hasta enfriar bien
3) Colar y servir en copa hurricane"
Jamaican Coffee,"cafe, clasico","1) Agregar Ron, Cafe, Agua y Crema batida a una coctelera.
2) Agregar hielo a gusto y agitar hasta enfriar bien.
3) Colar y servir en copa flauta.","1) Agregar Ron, Cafe, Agua y Crema batida a una coctelera
2) Agregar hielo a gusto y agitar
3) Colar y servir en copa flauta"
Japanese Fizz,"citrico, clasico, cremoso","1) Agregar Whisky mezclado, Limon, Azucar flor, Oporto y Clara de huevo a una coctelera.
2) Agregar hielo a gusto y agitar hasta enfriar bien.
3) Colar en vaso highball y completar con Agua con gas.","1) Agregar Whisky mezclado, Limon, Azucar flor, Oporto, Clara de huevo y Agua con gas a una coctelera
2) Agregar hielo a gusto y agitar
3) Colar y servir en vaso highball"
Jello shots,clasico,"1) Agregar Vodka, Gelatina y Agua a una coctelera.
2) Agregar hielo a gusto y agitar hasta enfriar bien.
3) Colar y servir en vaso de shot.","1) Agregar Vodka, Gelatina y Agua a una coctelera
2) Agregar hielo a gusto y agitar
3) Colar y servir en vaso de shot"
Jelly Bean,clasico,"1) Agregar Brandy de mora y Anis a un vaso mezclador.
2) Agregar hielo a gusto y revolver hasta enfriar bien.
3) Colar y servir en cordial glass bien frio.","1) Agregar Brandy de mora y Anis a un vaso mezclador
2) Agregar hielo a gusto y revolver hasta enfriar bien
3) Colar y servir en cordial copa"
Jewel Of The Nile,"clasico, gin","1) Agregar Gin, Green Chartreuse y Yellow Chartreuse a un vaso mezclador.
2) Agregar hielo a gusto y revolver hasta enfriar bien.
3) Colar y servir en copa de coctel bien frio.","1) Agregar Gin, Green Chartreuse y Yellow Chartreuse a un vaso mezclador
2) Agregar hielo a gusto y revolver hasta enfriar bien
3) Colar y servir en copa de coctel"
Jitterbug,"citrico, clasico, gin","1) Llenar cocktail glass con hielo.
2) Agregar Gin, Vodka, Granadina, Jugo de lima, Azucar y Jarabe simple.
3) Completar con Agua con gas y mezclar suavemente.","1) Agregar Gin, Vodka, Granadina, Jugo de lima, Azucar, Jarabe simple y Agua con gas a una coctelera
2) Agregar hielo a gusto y agitar
3) Colar y servir en cocktail copa"
John Collins,"citrico, clasico","1) Agregar Whiskey Bourbon, Jugo de limon y Azucar a una coctelera.
2) Agregar hielo a gusto y agitar hasta enfriar bien.
3) Colar en vaso highball y completar con Agua tonica.
4) Decorar con Cereza marrasquino y Naranja.","1) Agregar Whiskey Bourbon, Jugo de limon, Azucar, Agua tonica, Cereza marrasquino y Naranja a una coctelera
2) Agregar hielo a gusto y agitar
3) Colar y servir en vaso highball"
Jungle Bird,"amargo, campari, citrico, moderno, tiki, top-bars","1) Agregar Ron oscuro, Campari, Jugo de piña, Jugo de lima y Jarabe simple a una coctelera.
2) Agregar hielo a gusto y agitar hasta enfriar bien.
3) Colar y servir en vaso bajo.","1) Agregar Ron oscuro, Campari, Jugo de piña, Jugo de lima y Jarabe simple a una coctelera
2) Agregar hielo a gusto y agitar
3) Colar y servir en vaso bajo"
Just a Moonmint,"clasico, cremoso, refrescante","1) Agregar Leche, Jarabe de chocolate y Jarabe de menta a una coctelera.
2) Agregar hielo a gusto y agitar hasta enfriar bien.
3) Colar y servir en vaso highball.","1) Agregar Leche, Jarabe de chocolate y Jarabe de menta a una coctelera
2) Agregar hielo a gusto y agitar
3) Colar y servir en vaso highball"
Kalimotxo,"clasico, espanol, rapido, vino","1) Llenar vaso highball con hielo.
2) Agregar Vino tinto.
3) Completar con Coca-Cola y mezclar suavemente.
4) Decorar con Limon.","1) Agregar Vino tinto, Coca-Cola, Hielo y Limon a una coctelera
2) Agregar hielo a gusto y agitar
3) Colar y servir en vaso highball"
Kamikaze,"citrico, clasico","1) Agregar Vodka, Triple sec y Jugo de lima a una coctelera.
2) Agregar hielo a gusto y agitar hasta enfriar bien.
3) Colar y servir en copa de coctel.","1) Agregar Vodka, Triple sec y Jugo de lima a una coctelera
2) Agregar hielo a gusto y agitar
3) Colar y servir en copa de coctel"
Karsk,"cafe, clasico","1) Agregar Cafe y Alcohol de grano a una coctelera.
2) Agregar hielo a gusto y agitar hasta enfriar bien.
3) Colar y servir en vaso highball.","1) Agregar Cafe y Alcohol de grano a una coctelera
2) Agregar hielo a gusto y agitar
3) Colar y servir en vaso highball"
Kentucky B And B,clasico,"1) Agregar Whiskey Bourbon y Benedictine a un vaso mezclador.
2) Agregar hielo a gusto y revolver hasta enfriar bien.
3) Colar y servir en copa balón bien frio.","1) Agregar Whiskey Bourbon y Benedictine a un vaso mezclador
2) Agregar hielo a gusto y revolver hasta enfriar bien
3) Colar y servir en copa balón"
Kentucky Colonel,clasico,"1) Agregar Whiskey Bourbon y Benedictine a un vaso mezclador.
2) Agregar hielo a gusto y revolver hasta enfriar bien.
3) Colar y servir en copa de coctel bien frio.
4) Decorar con Cascara de limon.","1) Agregar Whiskey Bourbon, Benedictine y Cascara de limon a un vaso mezclador
2) Agregar hielo a gusto y revolver hasta enfriar bien
3) Colar y servir en copa de coctel"
Kill the cold Smoothie,"citrico, clasico, refrescante","1) Agregar Limon y Agua a una coctelera.
2) Agregar hielo a gusto y agitar hasta enfriar bien.
3) Colar y servir en vaso highball.
4) Decorar con Ginger.","1) Agregar Ginger, Limon y Agua a una coctelera
2) Agregar hielo a gusto y agitar
3) Colar y servir en vaso highball"
Kioki Coffee,"cafe, clasico","1) Agregar Kahlua, Brandy y Cafe a un vaso mezclador.
2) Agregar hielo a gusto y revolver hasta enfriar bien.
3) Colar y servir en taza bien frio.","1) Agregar Kahlua, Brandy y Cafe a un vaso mezclador
2) Agregar hielo a gusto y revolver hasta enfriar bien
3) Colar y servir en taza"
Kir,"clasico, espumante","1) Agregar Crema de cassis y Champagne a una coctelera.
2) Agregar hielo a gusto y agitar hasta enfriar bien.
3) Colar y servir en copa de vino.","1) Agregar Crema de cassis y Champagne a una coctelera
2) Agregar hielo a gusto y agitar
3) Colar y servir en copa de vino"
Kir Royale,"clasico, espumante","1) Agregar Crema de cassis y Champagne a una coctelera.
2) Agregar hielo a gusto y agitar hasta enfriar bien.
3) Colar y servir en champagne flute.","1) Agregar Crema de cassis y Champagne a una coctelera
2) Agregar hielo a gusto y agitar
3) Colar y servir en champagne flute"
Kiss me Quick,"citrico, clasico","1) Agregar Vodka de arandano, Apfelkorn, Schweppes Russchian y Jugo de manzana a una coctelera.
2) Agregar hielo a gusto y agitar hasta enfriar bien.
3) Colar y servir en vaso highball.","1) Agregar Vodka de arandano, Apfelkorn, Schweppes Russchian, Jugo de manzana y Hielo a una coctelera
2) Agregar hielo a gusto y agitar
3) Colar y servir en vaso highball"
Kiwi Lemon,clasico,"1) Llenar vaso highball con hielo.
2) Agregar Licor de kiwi.
3) Completar con Bebida de limon y mezclar suavemente.","1) Agregar Licor de kiwi, Bebida de limon y Hielo a una coctelera
2) Agregar hielo a gusto y agitar
3) Colar y servir en vaso highball"
Kiwi Martini,"clasico, martini","1) Agregar Kiwi, Jarabe simple, Vodka y Kiwi a un vaso mezclador.
2) Agregar hielo a gusto y revolver hasta enfriar bien.
3) Colar y servir en copa de coctel bien frio.","1) Agregar Kiwi, Jarabe simple, Vodka y Kiwi a un vaso mezclador
2) Agregar hielo a gusto y revolver hasta enfriar bien
3) Colar y servir en copa de coctel"
Kiwi Papaya Smoothie,"clasico, frutal, refrescante","1) Agregar Kiwi y Papaya a una coctelera.
2) Agregar hielo a gusto y agitar hasta enfriar bien.
3) Colar y servir en vaso highball.","1) Agregar Kiwi y Papaya a una coctelera
2) Agregar hielo a gusto y agitar
3) Colar y servir en vaso highball"
Kool First Aid,clasico,"1) Agregar Ron 151 grados y Kool-Aid a una coctelera.
2) Agregar hielo a gusto y agitar hasta enfriar bien.
3) Colar y servir en vaso de shot.","1) Agregar Ron 151 grados y Kool-Aid a una coctelera
2) Agregar hielo a gusto y agitar
3) Colar y servir en vaso de shot"
Kool-Aid Shot,"citrico, clasico, gin","1) Agregar Vodka, Amaretto, Sloe gin, Triple sec y Jugo de arandano a una coctelera.
2) Agregar hielo a gusto y agitar hasta enfriar bien.
3) Colar y servir en vaso old fashioned.","1) Agregar Vodka, Amaretto, Sloe gin, Triple sec y Jugo de arandano a una coctelera
2) Agregar hielo a gusto y agitar
3) Colar y servir en vaso old fashioned"
Kool-Aid Slammer,clasico,"1) Agregar Kool-Aid y Vodka a una coctelera.
2) Agregar hielo a gusto y agitar hasta enfriar bien.
3) Colar y servir en vaso de shot.","1) Agregar Kool-Aid y Vodka a una coctelera
2) Agregar hielo a gusto y agitar
3) Colar y servir en vaso de shot"
Kurant Tea,clasico,"1) Agregar Vodka Kurant, Te y Azucar a una coctelera.
2) Agregar hielo a gusto y agitar hasta enfriar bien.
3) Colar y servir en copa flauta.","1) Agregar Vodka Kurant, Te y Azucar a una coctelera
2) Agregar hielo a gusto y agitar
3) Colar y servir en copa flauta"
Lady Love Fizz,"citrico, clasico, cremoso, gin","1) Agregar Gin, Crema ligera, Azucar flor, Limon y Clara de huevo a una coctelera.
2) Agregar hielo a gusto y agitar hasta enfriar bien.
3) Colar en copa de coctel y completar con Agua con gas.","1) Agregar Gin, Crema ligera, Azucar flor, Limon, Clara de huevo y Agua con gas a una coctelera
2) Agregar hielo a gusto y agitar
3) Colar y servir en copa de coctel"
Lassi - A South Indian Drink,"clasico, refrescante","1) Agregar Yogur, Agua y Menta a una coctelera.
2) Agregar hielo a gusto y agitar hasta enfriar bien.
3) Colar y servir en vaso highball.
4) Decorar con Semilla de comino y Sal.","1) Agregar Yogur, Agua, Semilla de comino, Sal y Menta a una coctelera
2) Agregar hielo a gusto y agitar
3) Colar y servir en vaso highball"
Lassi - Mango,"clasico, refrescante","1) Agregar Mango, Yogur, Azucar y Agua a una coctelera.
2) Agregar hielo a gusto y agitar hasta enfriar bien.
3) Colar y servir en vaso highball.","1) Agregar Mango, Yogur, Azucar y Agua a una coctelera
2) Agregar hielo a gusto y agitar
3) Colar y servir en vaso highball"
Lassi - Sweet,"citrico, clasico, refrescante","1) Agregar Yogur, Agua, Azucar y Jugo de limon a una coctelera.
2) Agregar hielo a gusto y agitar hasta enfriar bien.
3) Colar y servir en vaso highball.
4) Decorar con Sal.","1) Agregar Yogur, Agua, Azucar, Sal y Jugo de limon a una coctelera
2) Agregar hielo a gusto y agitar
3) Colar y servir en vaso highball"
Lassi Khara,"clasico, refrescante","1) Agregar Yogur y Agua a una coctelera.
2) Agregar hielo a gusto y agitar hasta enfriar bien.
3) Colar y servir en vaso highball.
4) Decorar con Sal y Asafoetida.","1) Agregar Yogur, Agua, Sal y Asafoetida a una coctelera
2) Agregar hielo a gusto y agitar
3) Colar y servir en vaso highball"
Lassi Raita,"citrico, clasico, refrescante","1) Agregar Yogur, Azucar y Lima a una coctelera.
2) Agregar hielo a gusto y agitar hasta enfriar bien.
3) Colar y servir en vaso highball.
4) Decorar con Sal.","1) Agregar Yogur, Hielo, Azucar, Lima y Sal a una coctelera
2) Agregar hielo a gusto y agitar
3) Colar y servir en vaso highball"
Lazy Coconut Paloma,"citrico, clasico","1) Llenar vaso highball con hielo.
2) Agregar Licor de coco y Jugo de pomelo.
3) Completar con Agua con gas y mezclar suavemente.","1) Agregar Licor de coco, Jugo de pomelo y Agua con gas a una coctelera
2) Agregar hielo a gusto y agitar
3) Colar y servir en vaso highball"
Lemon Drop,"citrico, clasico","1) Agregar Vodka, Cointreau y Limon a un vaso mezclador.
2) Agregar hielo a gusto y revolver hasta enfriar bien.
3) Colar y servir en copa de coctel bien frio.","1) Agregar Vodka, Cointreau y Limon a un vaso mezclador
2) Agregar hielo a gusto y revolver hasta enfriar bien
3) Colar y servir en copa de coctel"
Lemon Elderflower Spritzer,"aperitivo, citrico, clasico","1) Llenar vaso highball con hielo.
2) Agregar Cordial de flor de sauco, Vodka y Jugo de limon.
3) Completar con Agua con gas y mezclar suavemente.","1) Agregar Cordial de flor de sauco, Vodka, Agua con gas y Jugo de limon a una coctelera
2) Agregar hielo a gusto y agitar
3) Colar y servir en vaso highball"
Lemon Shot,"citrico, clasico","1) Agregar Galliano, Vodka Citron, Azucar y Ron 151 grados a un vaso mezclador.
2) Agregar hielo a gusto y revolver hasta enfriar bien.
3) Colar y servir en vaso de shot bien frio.
4) Decorar con Limon.","1) Agregar Galliano, Vodka Citron, Limon, Azucar y Ron 151 grados a un vaso mezclador
2) Agregar hielo a gusto y revolver hasta enfriar bien
3) Colar y servir en vaso de shot"
Lemouroudji,"citrico, clasico, refrescante","1) Agregar Agua, Limon y Azucar a una coctelera.
2) Agregar hielo a gusto y agitar hasta enfriar bien.
3) Colar y servir en vaso highball.
4) Decorar con Ginger y Pimienta cayena.","1) Agregar Ginger, Agua, Limon, Azucar y Pimienta cayena a una coctelera
2) Agregar hielo a gusto y agitar
3) Colar y servir en vaso highball"
Limeade,"citrico, clasico, refrescante","1) Llenar vaso highball con hielo.
2) Agregar Lima y Azucar.
3) Completar con Agua con gas y mezclar suavemente.
4) Decorar con Cascara de lima.","1) Agregar Lima, Azucar, Agua con gas y Cascara de lima a una coctelera
2) Agregar hielo a gusto y agitar
3) Colar y servir en vaso highball"
Limona Corona,clasico,"1) Agregar Corona y Bacardi Limon a una coctelera.
2) Agregar hielo a gusto y agitar hasta enfriar bien.
3) Colar y servir en beer glass.","1) Agregar Corona y Bacardi Limon a una coctelera
2) Agregar hielo a gusto y agitar
3) Colar y servir en beer copa"
Loch Lomond,clasico,"1) Agregar Whisky escoces, Drambuie y Vermut seco a un vaso mezclador.
2) Agregar hielo a gusto y revolver hasta enfriar bien.
3) Colar y servir en copa de coctel bien frio.
4) Decorar con Cascara de limon.","1) Agregar Whisky escoces, Drambuie, Vermut seco y Cascara de limon a un vaso mezclador
2) Agregar hielo a gusto y revolver hasta enfriar bien
3) Colar y servir en copa de coctel"
London Mule,"bar-top-chile, chileno-autor, citrico, clasico, gin, mule, rapido, siam-thai, top-bars","1) Llenar vaso alto con hielo.
2) Agregar Gin, Jugo de limon, Jengibre y Syrup especiado.
3) Completar con Cerveza de jengibre y mezclar suavemente.","1) Agregar Gin, Jugo de limon, Jengibre, Syrup especiado y Cerveza de jengibre a una coctelera
2) Agregar hielo a gusto y agitar
3) Colar y servir en vaso alto"
London Town,"clasico, gin","1) Agregar Gin, Licor de maraschino y Amargo de naranja a un vaso mezclador.
2) Agregar hielo a gusto y revolver hasta enfriar bien.
3) Colar y servir en copa de coctel bien frio.","1) Agregar Gin, Licor de maraschino y Amargo de naranja a un vaso mezclador
2) Agregar hielo a gusto y revolver hasta enfriar bien
3) Colar y servir en copa de coctel"
Lone Tree Cocktail,"clasico, gin, vino","1) Agregar Vermut dulce y Gin a un vaso mezclador.
2) Agregar hielo a gusto y revolver hasta enfriar bien.
3) Colar y servir en copa de coctel bien frio.","1) Agregar Vermut dulce y Gin a un vaso mezclador
2) Agregar hielo a gusto y revolver hasta enfriar bien
3) Colar y servir en copa de coctel"
Lone Tree Cooler,"clasico, gin","1) Llenar vaso collins con hielo.
2) Agregar Gin, Vermut seco y Azucar flor.
3) Completar con Agua con gas y mezclar suavemente.
4) Decorar con Espiral de naranja y Cascara de limon.","1) Agregar Agua con gas, Gin, Vermut seco, Azucar flor, Espiral de naranja y Cascara de limon a una coctelera
2) Agregar hielo a gusto y agitar
3) Colar y servir en vaso collins"
Long Island Iced Tea,"clasico, gin, tequila","1) Llenar vaso highball con hielo.
2) Agregar Vodka, Tequila, Ron claro y Gin.
3) Completar con Coca-Cola y mezclar suavemente.
4) Decorar con Cascara de limon.","1) Agregar Vodka, Tequila, Ron claro, Gin, Coca-Cola y Cascara de limon a una coctelera
2) Agregar hielo a gusto y agitar
3) Colar y servir en vaso highball"
Long Island Tea,"citrico, clasico, gin, tequila","1) Llenar vaso highball con hielo.
2) Agregar Vodka, Ron claro, Gin, Tequila y Limon.
3) Completar con Coca-Cola y mezclar suavemente.","1) Agregar Vodka, Ron claro, Gin, Tequila, Limon y Coca-Cola a una coctelera
2) Agregar hielo a gusto y agitar
3) Colar y servir en vaso highball"
Long vodka,"amargo, citrico, clasico","1) Llenar vaso highball con hielo.
2) Agregar Vodka, Lima y Amargo de angostura.
3) Completar con Agua tonica y mezclar suavemente.","1) Agregar Vodka, Lima, Amargo de angostura, Agua tonica y Hielo a una coctelera
2) Agregar hielo a gusto y agitar
3) Colar y servir en vaso highball"
Lord And Lady,clasico,"1) Agregar Ron oscuro y Tia maria a un vaso mezclador.
2) Agregar hielo a gusto y revolver hasta enfriar bien.
3) Colar y servir en vaso old fashioned bien frio.","1) Agregar Ron oscuro y Tia maria a un vaso mezclador
2) Agregar hielo a gusto y revolver hasta enfriar bien
3) Colar y servir en vaso old fashioned"
Lunch Box,"citrico, clasico","1) Agregar Cerveza, Amaretto y Jugo de naranja a una coctelera.
2) Agregar hielo a gusto y agitar hasta enfriar bien.
3) Colar y servir en vaso pinta.","1) Agregar Cerveza, Amaretto y Jugo de naranja a una coctelera
2) Agregar hielo a gusto y agitar
3) Colar y servir en vaso pinta"
Mai Tai,clasico,"1) Agregar Ron claro, Jarabe de horchata, Triple sec y Mezcla agridulce a un vaso mezclador.
2) Agregar hielo a gusto y revolver hasta enfriar bien.
3) Colar y servir en vaso collins bien frio.
4) Decorar con Cereza marrasquino.","1) Agregar Ron claro, Jarabe de horchata, Triple sec, Mezcla agridulce y Cereza marrasquino a un vaso mezclador
2) Agregar hielo a gusto y revolver hasta enfriar bien
3) Colar y servir en vaso collins"
Mango Mojito,"citrico, clasico, mojito","1) Agregar Menta y Lima al vaso y macerar suavemente.
2) Incorporar Mango, Ron blanco y Mango y hielo a gusto.
3) Completar con Agua con gas, mezclar suavemente y servir en vaso highball.","1) Agregar Lima, Mango y Menta al vaso o coctelera y macerar suavemente
2) Agregar el resto de los ingredientes e incorporar hielo a gusto
3) Mezclar o agitar segun corresponda y servir en vaso highball"
Manhattan,"amargo, clasico, vino","1) Agregar Vermut dulce, Whiskey Bourbon y Amargo de angostura a un vaso mezclador.
2) Agregar hielo a gusto y revolver hasta enfriar bien.
3) Colar y servir en copa de coctel bien frio.
4) Decorar con Cereza marrasquino y Cascara de naranja.","1) Agregar Vermut dulce, Whiskey Bourbon, Amargo de angostura, Hielo, Cereza marrasquino y Cascara de naranja a un vaso mezclador
2) Agregar hielo a gusto y revolver hasta enfriar bien
3) Colar y servir en copa de coctel"
Margarita,"citrico, clasico, tequila","1) Agregar Tequila, Triple sec y Jugo de lima a una coctelera.
2) Agregar hielo a gusto y agitar hasta enfriar bien.
3) Colar y servir en copa de coctel.
4) Decorar con Sal.","1) Agregar Tequila, Triple sec, Jugo de lima y Sal a una coctelera
2) Agregar hielo a gusto y agitar
3) Colar y servir en copa de coctel"
Martinez 2,"amargo, clasico, gin, vino","1) Agregar Gin, Vermut dulce, Licor de maraschino y Amargo de angostura a un vaso mezclador.
2) Agregar hielo a gusto y revolver hasta enfriar bien.
3) Colar y servir en copa de coctel bien frio.","1) Agregar Gin, Vermut dulce, Licor de maraschino y Amargo de angostura a un vaso mezclador
2) Agregar hielo a gusto y revolver hasta enfriar bien
3) Colar y servir en copa de coctel"
Martini,"clasico, gin, martini","1) Agregar Gin y Vermut seco a un vaso mezclador.
2) Agregar hielo a gusto y revolver hasta enfriar bien.
3) Colar y servir en copa de coctel bien frio.
4) Decorar con Aceituna.","1) Agregar Gin, Vermut seco y Aceituna a un vaso mezclador
2) Agregar hielo a gusto y revolver hasta enfriar bien
3) Colar y servir en copa de coctel"
Mary Pickford,"citrico, clasico","1) Agregar Ron claro, Jugo de piña, Licor de maraschino y Granadina a una coctelera.
2) Agregar hielo a gusto y agitar hasta enfriar bien.
3) Colar y servir en copa de coctel.
4) Decorar con Cereza marrasquino.","1) Agregar Ron claro, Jugo de piña, Licor de maraschino, Granadina y Cereza marrasquino a una coctelera
2) Agregar hielo a gusto y agitar
3) Colar y servir en copa de coctel"
Masala Chai,"clasico, cremoso, refrescante","1) Agregar Agua, Te, Azucar y Leche a una coctelera.
2) Agregar hielo a gusto y agitar hasta enfriar bien.
3) Colar y servir en taza.
4) Decorar con Ginger, Cardamomo, Clavos de olor, Canela y Pimienta.","1) Agregar Agua, Te, Ginger, Cardamomo, Clavos de olor, Canela, Pimienta, Azucar y Leche a una coctelera
2) Agregar hielo a gusto y agitar
3) Colar y servir en taza"
Mauresque,clasico,"1) Agregar Ricard, Jarabe de horchata y Agua a una coctelera.
2) Agregar hielo a gusto y agitar hasta enfriar bien.
3) Colar y servir en vaso collins.","1) Agregar Ricard, Jarabe de horchata y Agua a una coctelera
2) Agregar hielo a gusto y agitar
3) Colar y servir en vaso collins"
Mel?n con vino,"chileno, clasico, frutal, verano, vino","1) Agregar Melon tuna, Vino blanco y Azucar a una coctelera.
2) Agregar hielo a gusto y agitar hasta enfriar bien.
3) Colar y servir en melon ahuecado.
4) Decorar con Platano y Frutillas.","1) Agregar Melon tuna, Vino blanco, Azucar, Platano y Frutillas a una coctelera
2) Agregar hielo a gusto y agitar
3) Colar y servir en melon ahuecado"
Melya,"cafe, clasico, refrescante","1) Agregar Cafe y Miel a una coctelera.
2) Agregar hielo a gusto y agitar hasta enfriar bien.
3) Colar y servir en taza.
4) Decorar con Cacao en polvo.","1) Agregar Cafe, Miel y Cacao en polvo a una coctelera
2) Agregar hielo a gusto y agitar
3) Colar y servir en taza"
Miami Vice,clasico,"1) Agregar Ron 151 grados, Pina colada mix y Daiquiri mix a una coctelera.
2) Agregar hielo a gusto y agitar hasta enfriar bien.
3) Colar y servir en copa de coctel.","1) Agregar Ron 151 grados, Pina colada mix y Daiquiri mix a una coctelera
2) Agregar hielo a gusto y agitar
3) Colar y servir en copa de coctel"
Michelada,"citrico, clasico","1) Agregar Cerveza, Jugo de tomate y Jugo de lima a una coctelera.
2) Agregar hielo a gusto y agitar hasta enfriar bien.
3) Colar y servir en vaso pinta.
4) Decorar con Salsa picante, Salsa Worcestershire y Salsa de soya.","1) Agregar Cerveza, Jugo de tomate, Jugo de lima, Salsa picante, Salsa Worcestershire y Salsa de soya a una coctelera
2) Agregar hielo a gusto y agitar
3) Colar y servir en vaso pinta"
Midnight Mint,clasico,"1) Agregar Baileys crema irlandesa, Crema de menta blanca y Crema a un vaso mezclador.
2) Agregar hielo a gusto y revolver hasta enfriar bien.
3) Colar y servir en copa de coctel bien frio.","1) Agregar Baileys crema irlandesa, Crema de menta blanca y Crema a un vaso mezclador
2) Agregar hielo a gusto y revolver hasta enfriar bien
3) Colar y servir en copa de coctel"
Mimosa,"citrico, clasico, espumante","1) Agregar Jugo de naranja a una coctelera.
2) Agregar hielo a gusto y agitar hasta enfriar bien.
3) Colar en copa flauta y completar con Champagne.","1) Agregar Champagne y Jugo de naranja a una coctelera
2) Agregar hielo a gusto y agitar
3) Colar y servir en copa flauta"
Mint Julep,clasico,"1) Agregar Menta, Whiskey Bourbon, Azucar flor y Agua a una coctelera.
2) Agregar hielo a gusto y agitar hasta enfriar bien.
3) Colar y servir en vaso highball.","1) Agregar Menta, Whiskey Bourbon, Azucar flor y Agua a una coctelera
2) Agregar hielo a gusto y agitar
3) Colar y servir en vaso highball"
Mocha-Berry,"cafe, clasico","1) Agregar Cafe, Chambord raspberry liqueur y Crema batida a una coctelera.
2) Agregar hielo a gusto y agitar hasta enfriar bien.
3) Colar y servir en taza.
4) Decorar con Cacao en polvo.","1) Agregar Cafe, Chambord raspberry liqueur, Cacao en polvo y Crema batida a una coctelera
2) Agregar hielo a gusto y agitar
3) Colar y servir en taza"
Mojito,"citrico, clasico, mojito","1) Agregar Menta, Azucar y Lima al vaso y macerar suavemente.
2) Incorporar Ron claro y hielo a gusto.
3) Completar con Agua con gas, mezclar suavemente y servir en vaso highball.","1) Agregar Ron claro, Lima y Azucar al vaso o coctelera y macerar suavemente
2) Agregar el resto de los ingredientes e incorporar hielo a gusto
3) Mezclar o agitar segun corresponda y servir en vaso highball"
Mojito Extra,"amargo, citrico, clasico, mojito","1) Agregar Menta y Jugo de limon al vaso y macerar suavemente.
2) Incorporar Ron oscuro y Amargo de angostura y hielo a gusto.
3) Completar con Agua tonica, mezclar suavemente y servir en vaso collins.","1) Agregar Menta, Jugo de limon y Ron oscuro al vaso o coctelera y macerar suavemente
2) Agregar el resto de los ingredientes e incorporar hielo a gusto
3) Mezclar o agitar segun corresponda y servir en vaso collins"
Mojito Mekong,"amargo, bar-top-chile, chileno-autor, citrico, clasico, mojito, siam-thai, top-bars","1) Agregar Syrup especiado y Jugo de limon al vaso y macerar suavemente.
2) Incorporar Ron oscuro, Jengibre y Amargo de angostura y hielo a gusto.
3) Completar con Soda, mezclar suavemente y servir en vaso alto.
4) Decorar con Menta, Aji y Deshidratado de naranja.","1) Agregar Ron oscuro, Jugo de limon y Jugo de naranja al vaso o coctelera y macerar suavemente
2) Agregar el resto de los ingredientes e incorporar hielo a gusto
3) Mezclar o agitar segun corresponda y servir en vaso alto"
Monkey Gland,"citrico, clasico, gin","1) Agregar Gin, Benedictine, Jugo de naranja y Granadina a una coctelera.
2) Agregar hielo a gusto y agitar hasta enfriar bien.
3) Colar y servir en copa de coctel.","1) Agregar Gin, Benedictine, Jugo de naranja y Granadina a una coctelera
2) Agregar hielo a gusto y agitar
3) Colar y servir en copa de coctel"
Monkey Wrench,"amargo, citrico, clasico","1) Agregar Ron claro, Jugo de pomelo y Amargo de angostura a una coctelera.
2) Agregar hielo a gusto y agitar hasta enfriar bien.
3) Colar y servir en vaso old fashioned.","1) Agregar Ron claro, Jugo de pomelo y Amargo de angostura a una coctelera
2) Agregar hielo a gusto y agitar
3) Colar y servir en vaso old fashioned"
Moranguito,"clasico, tequila","1) Agregar Absenta, Tequila y Granadina a un vaso mezclador.
2) Agregar hielo a gusto y revolver hasta enfriar bien.
3) Colar y servir en vaso de shot bien frio.","1) Agregar Absenta, Tequila y Granadina a un vaso mezclador
2) Agregar hielo a gusto y revolver hasta enfriar bien
3) Colar y servir en vaso de shot"
Moscow Mule,"citrico, clasico, gin, mule","1) Llenar vaso highball con hielo.
2) Agregar Vodka y Jugo de lima.
3) Completar con Ginger ale y mezclar suavemente.","1) Agregar Vodka, Jugo de lima y Ginger ale a una coctelera
2) Agregar hielo a gusto y agitar
3) Colar y servir en vaso highball"
Mudslinger,"citrico, clasico","1) Llenar ponchera con hielo.
2) Agregar Southern Comfort y Jugo de naranja.
3) Completar con Coca-Cola y mezclar suavemente.","1) Agregar Southern Comfort, Jugo de naranja y Coca-Cola a una coctelera
2) Agregar hielo a gusto y agitar
3) Colar y servir en ponchera"
Mulled Wine,"clasico, vino","1) Agregar Agua, Azucar, Vino tinto y Brandy a una coctelera.
2) Agregar hielo a gusto y agitar hasta enfriar bien.
3) Colar y servir en vaso collins.
4) Decorar con Clavos de olor, Canela y Cascara de limon.","1) Agregar Agua, Azucar, Clavos de olor, Canela, Cascara de limon, Vino ten y Brandy a una coctelera
2) Agregar hielo a gusto y agitar
3) Colar y servir en vaso collins"
Munich Mule,"citrico, clasico, gin, mule","1) Llenar vaso highball con hielo.
2) Agregar Gin, Jugo de lima, Pepino y Limon.
3) Completar con Cerveza de jengibre y mezclar suavemente.","1) Agregar Gin, Jugo de lima, Cerveza de jengibre, Pepino y Limon a una coctelera
2) Agregar hielo a gusto y agitar
3) Colar y servir en vaso highball"
Naked and Famous,"amargo, citrico, mezcal, moderno, top-bars","1) Agregar Mezcal, Aperol, Yellow Chartreuse y Jugo de lima a una coctelera.
2) Agregar hielo a gusto y agitar hasta enfriar bien.
3) Colar y servir en copa coupe.","1) Agregar Mezcal, Aperol, Yellow Chartreuse y Jugo de lima a una coctelera
2) Agregar hielo a gusto y agitar
3) Colar y servir en copa coupe"
National Aquarium,"clasico, gin","1) Llenar vaso collins con hielo.
2) Agregar Ron, Vodka, Gin, Curacao azul y Mezcla sour.
3) Completar con Bebida lima-limon y mezclar suavemente.","1) Agregar Ron, Vodka, Gin, Curacao azul, Mezcla sour y Bebida lima-limon a una coctelera
2) Agregar hielo a gusto y agitar
3) Colar y servir en vaso collins"
Negroni,"amargo, campari, clasico, gin, negroni, vino","1) Agregar Gin, Campari y Vermut dulce a un vaso mezclador.
2) Agregar hielo a gusto y revolver hasta enfriar bien.
3) Colar y servir en vaso old fashioned bien frio.","1) Agregar Gin, Campari y Vermut dulce a un vaso mezclador
2) Agregar hielo a gusto y revolver hasta enfriar bien
3) Colar y servir en vaso old fashioned"
Negroni Sbagliato,"amargo, aperitivo, campari, clasico, espumante, gin, italiano, negroni, rapido, vino","1) Agregar Campari, Vermut rojo y Prosecco a un vaso mezclador.
2) Agregar hielo a gusto y revolver hasta enfriar bien.
3) Colar y servir en vaso bajo bien frio.
4) Decorar con Naranja.","1) Agregar Campari, Vermut rojo, Prosecco y Naranja a un vaso mezclador
2) Agregar hielo a gusto y revolver hasta enfriar bien
3) Colar y servir en vaso bajo"
New York Lemonade,"citrico, clasico","1) Llenar copa de coctel con hielo.
2) Agregar Vodka Citron, Grand Marnier y Jugo de limon.
3) Completar con Agua tonica y mezclar suavemente.","1) Agregar Vodka Citron, Grand Marnier, Jugo de limon y Agua tonica a una coctelera
2) Agregar hielo a gusto y agitar
3) Colar y servir en copa de coctel"
New York Sour,"citrico, clasico, sour, vino","1) Agregar Whisky mezclado, Limon, Azucar, Vino tinto y Limon a una coctelera.
2) Agregar hielo a gusto y agitar hasta enfriar bien.
3) Colar y servir en copa sour.
4) Decorar con Cereza marrasquino.","1) Agregar Whisky mezclado, Limon, Azucar, Vino tinto, Limon y Cereza marrasquino a una coctelera
2) Agregar hielo a gusto y agitar
3) Colar y servir en copa sour"
Nuked Hot Chocolate,"clasico, cremoso, refrescante","1) Agregar Azucar y Leche a una coctelera.
2) Agregar hielo a gusto y agitar hasta enfriar bien.
3) Colar y servir en taza.
4) Decorar con Cacao en polvo y Extracto de vainilla.","1) Agregar Cacao en polvo, Azucar, Extracto de vainilla y Leche a una coctelera
2) Agregar hielo a gusto y agitar
3) Colar y servir en taza"
Nutty Irishman,"clasico, cremoso","1) Agregar Baileys crema irlandesa, Frangelico y Leche a un vaso mezclador.
2) Agregar hielo a gusto y revolver hasta enfriar bien.
3) Colar y servir en vaso highball bien frio.","1) Agregar Baileys crema irlandesa, Frangelico y Leche a un vaso mezclador
2) Agregar hielo a gusto y revolver hasta enfriar bien
3) Colar y servir en vaso highball"
Oatmeal Cookie,clasico,"1) Agregar Kahlua, Baileys crema irlandesa, Schnapps de caramelo, Jägermeister y Goldschlager a un vaso mezclador.
2) Agregar hielo a gusto y revolver hasta enfriar bien.
3) Colar y servir en frasco mason bien frio.","1) Agregar Kahlua, Baileys crema irlandesa, Schnapps de caramelo, Jägermeister y Goldschlager a un vaso mezclador
2) Agregar hielo a gusto y revolver hasta enfriar bien
3) Colar y servir en frasco mason"
Oaxaca Old Fashioned,"amargo, mezcal, moderno, old-fashioned, rapido, tequila, top-bars","1) Agregar Jarabe de agave y Amargo de angostura al vaso y mezclar hasta integrar.
2) Incorporar Tequila y Mezcal y hielo a gusto.
3) Revolver suavemente y servir en vaso bajo.
4) Decorar con Naranja.","1) Agregar Tequila, Mezcal, Jarabe de agave, Amargo de angostura y Naranja a un vaso mezclador
2) Agregar hielo a gusto y revolver hasta enfriar bien
3) Colar y servir en vaso bajo"
Old Cuban,"amargo, citrico, clasico, espumante","1) Agregar Ron blanco, Jarabe simple, Jugo de lima y Amargo de angostura a una coctelera.
2) Agregar hielo a gusto y agitar hasta enfriar bien.
3) Colar en copa de coctel y completar con Prosecco.","1) Agregar Ron blanco, Jarabe simple, Jugo de lima, Amargo de angostura y Prosecco a una coctelera
2) Agregar hielo a gusto y agitar
3) Colar y servir en copa de coctel"
Old Fashioned,"amargo, clasico, old-fashioned","1) Agregar Azucar y Amargo de angostura al vaso y mezclar hasta integrar.
2) Incorporar Whiskey Bourbon y Agua y hielo a gusto.
3) Revolver suavemente y servir en vaso old fashioned.","1) Agregar Whiskey Bourbon, Amargo de angostura, Azucar y Agua a un vaso mezclador
2) Agregar hielo a gusto y revolver hasta enfriar bien
3) Colar y servir en vaso old fashioned"
Old Pal,"amargo, campari, clasico","1) Agregar Whisky de centeno, Campari y Vermut seco a un vaso mezclador.
2) Agregar hielo a gusto y revolver hasta enfriar bien.
3) Colar y servir en copa de coctel bien frio.","1) Agregar Whisky de centeno, Campari y Vermut seco a un vaso mezclador
2) Agregar hielo a gusto y revolver hasta enfriar bien
3) Colar y servir en copa de coctel"
Orange Crush,"citrico, clasico","1) Agregar Vodka, Triple sec y Jugo de naranja a una coctelera.
2) Agregar hielo a gusto y agitar hasta enfriar bien.
3) Colar y servir en vaso de shot.","1) Agregar Vodka, Triple sec y Jugo de naranja a una coctelera
2) Agregar hielo a gusto y agitar
3) Colar y servir en vaso de shot"
Orange Oasis,"citrico, clasico, gin","1) Llenar vaso highball con hielo.
2) Agregar Brandy de cereza, Gin y Jugo de naranja.
3) Completar con Ginger ale y mezclar suavemente.","1) Agregar Brandy de cereza, Gin, Jugo de naranja y Ginger ale a una coctelera
2) Agregar hielo a gusto y agitar
3) Colar y servir en vaso highball"
Orange Push-up,"citrico, clasico","1) Agregar Ron especiado, Granadina, Jugo de naranja y Mezcla sour a una coctelera.
2) Agregar hielo a gusto y agitar hasta enfriar bien.
3) Colar y servir en copa hurricane.","1) Agregar Ron especiado, Granadina, Jugo de naranja y Mezcla sour a una coctelera
2) Agregar hielo a gusto y agitar
3) Colar y servir en copa hurricane"
Orange Rosemary Collins,"citrico, clasico, gin","1) Agregar Gin, Jugo de naranja, Jugo de limon, Jarabe de romero y Romero a una coctelera.
2) Agregar hielo a gusto y agitar hasta enfriar bien.
3) Colar en vaso highball y completar con Agua con gas.
4) Decorar con Cascara de naranja.","1) Agregar Gin, Jugo de naranja, Jugo de limon, Jarabe de romero, Agua con gas, Romero y Cascara de naranja a una coctelera
2) Agregar hielo a gusto y agitar
3) Colar y servir en vaso highball"
Orange Scented Hot Chocolate,"cafe, clasico, cremoso, refrescante","1) Agregar Leche y Cafe a una coctelera.
2) Agregar hielo a gusto y agitar hasta enfriar bien.
3) Colar y servir en taza.
4) Decorar con Chocolate, Cascara de naranja y Nuez moscada.","1) Agregar Leche, Chocolate, Cascara de naranja, Cafe y Nuez moscada a una coctelera
2) Agregar hielo a gusto y agitar
3) Colar y servir en taza"
Orange Whip,"citrico, clasico","1) Agregar Jugo de naranja, Ron, Vodka y Crema a una coctelera.
2) Agregar hielo a gusto y agitar hasta enfriar bien.
3) Colar y servir en vaso collins.","1) Agregar Jugo de naranja, Ron, Vodka, Crema y Hielo a una coctelera
2) Agregar hielo a gusto y agitar
3) Colar y servir en vaso collins"
Orangeade,"citrico, clasico, refrescante","1) Llenar vaso highball con hielo.
2) Agregar Jugo de limon, Jugo de naranja y Jarabe simple.
3) Completar con Agua con gas y mezclar suavemente.","1) Agregar Jugo de limon, Jugo de naranja, Jarabe simple y Agua con gas a una coctelera
2) Agregar hielo a gusto y agitar
3) Colar y servir en vaso highball"
Oreo Mudslide,clasico,"1) Agregar Vodka, Kahlua, Baileys crema irlandesa y Helado de vainilla a un vaso mezclador.
2) Agregar hielo a gusto y revolver hasta enfriar bien.
3) Colar y servir en vaso collins bien frio.
4) Decorar con Oreo cookie.","1) Agregar Vodka, Kahlua, Baileys crema irlandesa, Helado de vainilla y Oreo cookie a un vaso mezclador
2) Agregar hielo a gusto y revolver hasta enfriar bien
3) Colar y servir en vaso collins"
Orgasm,clasico,"1) Agregar Crema de cacao, Amaretto, Triple sec, Vodka y Crema ligera a un vaso mezclador.
2) Agregar hielo a gusto y revolver hasta enfriar bien.
3) Colar y servir en copa de coctel bien frio.","1) Agregar Crema de cacao, Amaretto, Triple sec, Vodka y Crema ligera a un vaso mezclador
2) Agregar hielo a gusto y revolver hasta enfriar bien
3) Colar y servir en copa de coctel"
Owen's Grandmother's Revenge,clasico,"1) Agregar Whisky, Cerveza y Limonada a una coctelera.
2) Agregar hielo a gusto y agitar hasta enfriar bien.
3) Colar y servir en vaso highball.","1) Agregar Whisky, Cerveza, Limonada y Hielo a una coctelera
2) Agregar hielo a gusto y agitar
3) Colar y servir en vaso highball"
Paloma,"clasico, tequila","1) Llenar vaso collins con hielo.
2) Agregar Tequila.
3) Completar con Bebida de uva y mezclar suavemente.","1) Agregar Bebida de uva y Tequila a una coctelera
2) Agregar hielo a gusto y agitar
3) Colar y servir en vaso collins"
Paper Plane,"amargo, citrico, estadounidense, moderno","1) Agregar Whiskey Bourbon, Aperol, Amaro Nonino y Jugo de limon a una coctelera.
2) Agregar hielo a gusto y agitar hasta enfriar bien.
3) Colar y servir en copa coupe.","1) Agregar Whiskey Bourbon, Aperol, Amaro Nonino y Jugo de limon a una coctelera
2) Agregar hielo a gusto y agitar
3) Colar y servir en copa coupe"
Paradise,"citrico, clasico, gin","1) Agregar Gin, Brandy de damasco y Jugo de naranja a una coctelera.
2) Agregar hielo a gusto y agitar hasta enfriar bien.
3) Colar y servir en copa de coctel.","1) Agregar Gin, Brandy de damasco y Jugo de naranja a una coctelera
2) Agregar hielo a gusto y agitar
3) Colar y servir en copa de coctel"
Passion Fruit Martini,"citrico, clasico, frutal, martini","1) Agregar Vodka, Jarabe simple y Jugo de maracuya a un vaso mezclador.
2) Agregar hielo a gusto y revolver hasta enfriar bien.
3) Colar y servir en copa de coctel bien frio.","1) Agregar Vodka, Jarabe simple y Jugo de maracuya a un vaso mezclador
2) Agregar hielo a gusto y revolver hasta enfriar bien
3) Colar y servir en copa de coctel"
Pegu Club,"amargo, citrico, clasico, gin","1) Agregar Gin, Curacao naranja, Jugo de lima, Amargo de angostura y Amargo de naranja a una coctelera.
2) Agregar hielo a gusto y agitar hasta enfriar bien.
3) Colar y servir en copa de coctel.","1) Agregar Gin, Curacao naranja, Jugo de lima, Amargo de angostura y Amargo de naranja a una coctelera
2) Agregar hielo a gusto y agitar
3) Colar y servir en copa de coctel"
Penicillin,"citrico, clasico","1) Agregar Scotch mezclado, Jugo de limon, Jarabe de miel, Jarabe de jengibre y Scotch single malt a una coctelera.
2) Agregar hielo a gusto y agitar hasta enfriar bien.
3) Colar y servir en vaso old fashioned.","1) Agregar Scotch mezclado, Jugo de limon, Jarabe de miel, Jarabe de jengibre y Scotch single malt a una coctelera
2) Agregar hielo a gusto y agitar
3) Colar y servir en vaso old fashioned"
Pichuncho,"amargo, bar-top-chile, chileno, clasico, pisco, rapido, top-bars, vino","1) Agregar Pisco, Vermut rojo y Araucano a un vaso mezclador.
2) Agregar hielo a gusto y revolver hasta enfriar bien.
3) Colar y servir en copa de coctel bien frio.","1) Agregar Pisco, Vermut rojo y Araucano a un vaso mezclador
2) Agregar hielo a gusto y revolver hasta enfriar bien
3) Colar y servir en copa de coctel"
Pimm's Cup,"clasico, ingles, rapido, refrescante, verano","1) Agregar Pimm's No. 1 y Limonada a una coctelera.
2) Agregar hielo a gusto y agitar hasta enfriar bien.
3) Colar y servir en vaso highball.
4) Decorar con Pepino, Menta y Frutillas.","1) Agregar Pimm's No. 1, Limonada, Pepino, Menta y Frutillas a una coctelera
2) Agregar hielo a gusto y agitar
3) Colar y servir en vaso highball"
Pina Colada,"clasico, cremoso, tiki","1) Agregar Ron claro, Leche de coco y Pina a una licuadora.
2) Agregar hielo a gusto y licuar hasta obtener una mezcla homogenea.
3) Servir en vaso collins.","1) Agregar Ron claro, Leche de coco y Pina a una licuadora
2) Agregar hielo a gusto y licuar hasta integrar bien
3) Servir en vaso collins"
Pineapple Gingerale Smoothie,"clasico, gin, refrescante","1) Agregar Pina a una coctelera.
2) Agregar hielo a gusto y agitar hasta enfriar bien.
3) Colar y servir en vaso highball.
4) Decorar con Ginger.","1) Agregar Ginger y Pina a una coctelera
2) Agregar hielo a gusto y agitar
3) Colar y servir en vaso highball"
Pineapple Paloma,"citrico, clasico, tequila","1) Agregar Tequila, Jugo de pomelo, Jugo de lima, Jugo de piña y Lima a una coctelera.
2) Agregar hielo a gusto y agitar hasta enfriar bien.
3) Colar y servir en vaso collins.
4) Decorar con Pimienta.","1) Agregar Tequila, Jugo de pomelo, Jugo de lima, Jugo de piña, Lima y Pimienta a una coctelera
2) Agregar hielo a gusto y agitar
3) Colar y servir en vaso collins"
Pink Gin,"amargo, clasico, gin","1) Agregar Amargo de angostura y Gin a un vaso mezclador.
2) Agregar hielo a gusto y revolver hasta enfriar bien.
3) Colar y servir en copa de vino blanco bien frio.","1) Agregar Amargo de angostura y Gin a un vaso mezclador
2) Agregar hielo a gusto y revolver hasta enfriar bien
3) Colar y servir en copa de vino blanco"
Pink Lady,"clasico, cremoso, gin","1) Agregar Gin, Granadina, Crema ligera y Clara de huevo a una coctelera.
2) Agregar hielo a gusto y agitar hasta enfriar bien.
3) Colar y servir en copa de coctel.","1) Agregar Gin, Granadina, Crema ligera y Clara de huevo a una coctelera
2) Agregar hielo a gusto y agitar
3) Colar y servir en copa de coctel"
Pink Moon,"citrico, clasico, gin","1) Agregar Gin, Licor de coco, Cordial de flor de sauco, Jugo de lima y Moras a una coctelera.
2) Agregar hielo a gusto y agitar hasta enfriar bien.
3) Colar y servir en whiskey glass.","1) Agregar Gin, Licor de coco, Cordial de flor de sauco, Jugo de lima y Moras a una coctelera
2) Agregar hielo a gusto y agitar
3) Colar y servir en whiskey copa"
Pink Panty Pulldowns,clasico,"1) Agregar Sprite, Limonada y Vodka a una coctelera.
2) Agregar hielo a gusto y agitar hasta enfriar bien.
3) Colar y servir en vaso collins.","1) Agregar Sprite, Limonada y Vodka a una coctelera
2) Agregar hielo a gusto y agitar
3) Colar y servir en vaso collins"
Pink Penocha,"citrico, clasico","1) Agregar Everclear, Vodka, Schnapps de durazno, Jugo de naranja y Jugo de arandano a una coctelera.
2) Agregar hielo a gusto y agitar hasta enfriar bien.
3) Colar y servir en ponchera.","1) Agregar Everclear, Vodka, Schnapps de durazno, Jugo de naranja y Jugo de arandano a una coctelera
2) Agregar hielo a gusto y agitar
3) Colar y servir en ponchera"
Pisco in the Air,"bar-top-chile, chileno, citrico, clasico, frutal, pisco, top-bars","1) Agregar Pisco, Jugo de lima, Papaya, Frambuesa y Jarabe simple a una coctelera.
2) Agregar hielo a gusto y agitar hasta enfriar bien.
3) Colar y servir en copa coupe.
4) Decorar con Albahaca.","1) Agregar Pisco, Jugo de lima, Papaya, Frambuesa, Albahaca y Jarabe simple a una coctelera
2) Agregar hielo a gusto y agitar
3) Colar y servir en copa coupe"
Pisco Martini,"bar-top-chile, chileno, clasico, martini, pisco, rapido, top-bars","1) Agregar Pisco y Vermut seco a un vaso mezclador.
2) Agregar hielo a gusto y revolver hasta enfriar bien.
3) Colar y servir en copa martini bien frio.
4) Decorar con Salmuera de aceituna y Aceituna.","1) Agregar Pisco, Vermut seco, Salmuera de aceituna y Aceituna a un vaso mezclador
2) Agregar hielo a gusto y revolver hasta enfriar bien
3) Colar y servir en copa martini"
Pisco Negroni,"amargo, bar-top-chile, campari, chileno, clasico, gin, negroni, pisco, rapido, top-bars, vino","1) Agregar Pisco, Vermut rojo y Campari a un vaso mezclador.
2) Agregar hielo a gusto y revolver hasta enfriar bien.
3) Colar y servir en vaso bajo bien frio.","1) Agregar Pisco, Vermut rojo y Campari a un vaso mezclador
2) Agregar hielo a gusto y revolver hasta enfriar bien
3) Colar y servir en vaso bajo"
Pisco Sour,"citrico, clasico, cremoso, pisco, sour","1) Agregar Pisco, Jugo de limon, Azucar y Clara de huevo a una coctelera.
2) Agregar hielo a gusto y agitar hasta enfriar bien.
3) Colar y servir en copa de coctel.","1) Agregar Pisco, Jugo de limon, Azucar, Hielo y Clara de huevo a una coctelera
2) Agregar hielo a gusto y agitar
3) Colar y servir en copa de coctel"
Piscola,"chileno, clasico, pisco, rapido, verano","1) Llenar vaso highball con hielo.
2) Agregar Pisco.
3) Completar con Coca-Cola y mezclar suavemente.
4) Decorar con Limon.","1) Agregar Pisco, Coca-Cola, Hielo y Limon a una coctelera
2) Agregar hielo a gusto y agitar
3) Colar y servir en vaso highball"
Pistón,"bar-top-chile, chileno, clasico, highball, pisco, rapido, top-bars","1) Llenar vaso highball con hielo.
2) Agregar Pisco.
3) Completar con Agua tonica y mezclar suavemente.","1) Agregar Pisco, Agua tonica y Hielo a una coctelera
2) Agregar hielo a gusto y agitar
3) Colar y servir en vaso highball"
Planter's Punch,"citrico, clasico","1) Agregar Ron oscuro, Jarabe de horchata, Jugo de naranja y Jugo de piña a una coctelera.
2) Agregar hielo a gusto y agitar hasta enfriar bien.
3) Colar y servir en vaso collins.","1) Agregar Ron oscuro, Jarabe de horchata, Jugo de naranja y Jugo de piña a una coctelera
2) Agregar hielo a gusto y agitar
3) Colar y servir en vaso collins"
Planter’s Punch,"amargo, citrico, clasico","1) Agregar Ron oscuro, Jugo de naranja, Jugo de piña, Granadina, Jarabe simple y Amargo de angostura a una coctelera.
2) Agregar hielo a gusto y agitar hasta enfriar bien.
3) Colar y servir en vaso highball.","1) Agregar Ron oscuro, Jugo de naranja, Jugo de piña, Granadina, Jarabe simple y Amargo de angostura a una coctelera
2) Agregar hielo a gusto y agitar
3) Colar y servir en vaso highball"
Poncha,"citrico, clasico","1) Agregar Ron blanco, Miel, Jugo de limon y Jugo de naranja a una coctelera.
2) Agregar hielo a gusto y agitar hasta enfriar bien.
3) Colar y servir en vaso bajo.
4) Decorar con Naranja.","1) Agregar Ron blanco, Miel, Jugo de limon, Jugo de naranja y Naranja a una coctelera
2) Agregar hielo a gusto y agitar
3) Colar y servir en vaso bajo"
Ponche a la romana,"chileno, clasico, espumante, verano","1) Agregar Champagne y Helado de piña a una coctelera.
2) Agregar hielo a gusto y agitar hasta enfriar bien.
3) Colar y servir en copa flauta.","1) Agregar Champagne y Helado de piña a una coctelera
2) Agregar hielo a gusto y agitar
3) Colar y servir en copa flauta"
Popped cherry,"citrico, clasico","1) Agregar Vodka, Licor de cereza, Jugo de arandano y Jugo de naranja a una coctelera.
2) Agregar hielo a gusto y agitar hasta enfriar bien.
3) Colar y servir en vaso highball.","1) Agregar Vodka, Licor de cereza, Jugo de arandano y Jugo de naranja a una coctelera
2) Agregar hielo a gusto y agitar
3) Colar y servir en vaso highball"
Poppy Cocktail,"clasico, gin","1) Agregar Gin y Crema de cacao a un vaso mezclador.
2) Agregar hielo a gusto y revolver hasta enfriar bien.
3) Colar y servir en copa de coctel bien frio.","1) Agregar Gin y Crema de cacao a un vaso mezclador
2) Agregar hielo a gusto y revolver hasta enfriar bien
3) Colar y servir en copa de coctel"
Pornstar Martini,"citrico, clasico, espumante, frutal, martini","1) Agregar Vodka, Passoa, Jugo de maracuya, Lima y Prosecco a un vaso mezclador.
2) Agregar hielo a gusto y revolver hasta enfriar bien.
3) Colar y servir en vaso de shot bien frio.","1) Agregar Vodka, Passoa, Jugo de maracuya, Lima y Prosecco a un vaso mezclador
2) Agregar hielo a gusto y revolver hasta enfriar bien
3) Colar y servir en vaso de shot"
Port And Starboard,clasico,"1) Agregar Granadina y Crema de menta verde a una coctelera.
2) Agregar hielo a gusto y agitar hasta enfriar bien.
3) Colar y servir en copa pousse cafe.","1) Agregar Granadina y Crema de menta verde a una coctelera
2) Agregar hielo a gusto y agitar
3) Colar y servir en copa pousse cafe"
Port Wine Cocktail,clasico,"1) Agregar Oporto y Brandy a una coctelera.
2) Agregar hielo a gusto y agitar hasta enfriar bien.
3) Colar y servir en copa de coctel.","1) Agregar Oporto y Brandy a una coctelera
2) Agregar hielo a gusto y agitar
3) Colar y servir en copa de coctel"
Port Wine Flip,clasico,"1) Agregar Oporto, Crema ligera, Azucar flor y Huevo a una coctelera.
2) Agregar hielo a gusto y agitar hasta enfriar bien.
3) Colar y servir en copa sour.
4) Decorar con Nuez moscada.","1) Agregar Oporto, Crema ligera, Azucar flor, Huevo y Nuez moscada a una coctelera
2) Agregar hielo a gusto y agitar
3) Colar y servir en copa sour"
Porto flip,clasico,"1) Agregar Brandy, Oporto y Yema de huevo a una coctelera.
2) Agregar hielo a gusto y agitar hasta enfriar bien.
3) Colar y servir en copa de coctel.","1) Agregar Brandy, Oporto y Yema de huevo a una coctelera
2) Agregar hielo a gusto y agitar
3) Colar y servir en copa de coctel"
Pure Passion,"citrico, clasico","1) Agregar Ron, Passoa, Jugo de lima, Jarabe de maracuya, Amargo de durazno y Menta a una coctelera.
2) Agregar hielo a gusto y agitar hasta enfriar bien.
3) Colar y servir en copa sour.","1) Agregar Ron, Passoa, Jugo de lima, Jarabe de maracuya, Amargo de durazno y Menta a una coctelera
2) Agregar hielo a gusto y agitar
3) Colar y servir en copa sour"
Pysch Vitamin Light,"citrico, clasico, refrescante","1) Agregar Jugo de naranja, Jugo de manzana y Jugo de piña a una coctelera.
2) Agregar hielo a gusto y agitar hasta enfriar bien.
3) Colar y servir en vaso collins.","1) Agregar Jugo de naranja, Jugo de manzana, Jugo de piña y Hielo a una coctelera
2) Agregar hielo a gusto y agitar
3) Colar y servir en vaso collins"
Quaker's Cocktail,"citrico, clasico","1) Agregar Ron claro, Brandy, Limon y Jarabe de frambuesa a un vaso mezclador.
2) Agregar hielo a gusto y revolver hasta enfriar bien.
3) Colar y servir en copa de coctel bien frio.","1) Agregar Ron claro, Brandy, Limon y Jarabe de frambuesa a un vaso mezclador
2) Agregar hielo a gusto y revolver hasta enfriar bien
3) Colar y servir en copa de coctel"
Quarter Deck Cocktail,"citrico, clasico, vino","1) Agregar Ron claro, Jerez y Lima a una coctelera.
2) Agregar hielo a gusto y agitar hasta enfriar bien.
3) Colar y servir en copa de coctel.","1) Agregar Ron claro, Jerez y Lima a una coctelera
2) Agregar hielo a gusto y agitar
3) Colar y servir en copa de coctel"
Queen Bee,"clasico, vino","1) Agregar Brandy de cafe, Vodka de lima y Jerez a un vaso mezclador.
2) Agregar hielo a gusto y revolver hasta enfriar bien.
3) Colar y servir en copa de coctel bien frio.","1) Agregar Brandy de cafe, Vodka de lima y Jerez a un vaso mezclador
2) Agregar hielo a gusto y revolver hasta enfriar bien
3) Colar y servir en copa de coctel"
Queen Charlotte,"clasico, vino","1) Llenar vaso collins con hielo.
2) Agregar Vino tinto y Granadina.
3) Completar con Bebida lima-limon y mezclar suavemente.","1) Agregar Vino tinto, Granadina y Bebida lima-limon a una coctelera
2) Agregar hielo a gusto y agitar
3) Colar y servir en vaso collins"
Queen Elizabeth,"clasico, gin","1) Agregar Vermut seco, Gin y Benedictine a un vaso mezclador.
2) Agregar hielo a gusto y revolver hasta enfriar bien.
3) Colar y servir en copa de coctel bien frio.","1) Agregar Vermut seco, Gin y Benedictine a un vaso mezclador
2) Agregar hielo a gusto y revolver hasta enfriar bien
3) Colar y servir en copa de coctel"
Quentin,clasico,"1) Agregar Ron oscuro, Kahlua y Crema ligera a un vaso mezclador.
2) Agregar hielo a gusto y revolver hasta enfriar bien.
3) Colar y servir en copa de coctel bien frio.
4) Decorar con Nuez moscada.","1) Agregar Ron oscuro, Kahlua, Crema ligera y Nuez moscada a un vaso mezclador
2) Agregar hielo a gusto y revolver hasta enfriar bien
3) Colar y servir en copa de coctel"
Quick F**K,clasico,"1) Agregar Kahlua, Licor de melon y Baileys crema irlandesa a un vaso mezclador.
2) Agregar hielo a gusto y revolver hasta enfriar bien.
3) Colar y servir en vaso de shot bien frio.","1) Agregar Kahlua, Licor de melon y Baileys crema irlandesa a un vaso mezclador
2) Agregar hielo a gusto y revolver hasta enfriar bien
3) Colar y servir en vaso de shot"
Quick-sand,"citrico, clasico","1) Agregar Sambuca negra y Jugo de naranja a una coctelera.
2) Agregar hielo a gusto y agitar hasta enfriar bien.
3) Colar y servir en vaso highball.","1) Agregar Sambuca negra y Jugo de naranja a una coctelera
2) Agregar hielo a gusto y agitar
3) Colar y servir en vaso highball"
Radioactive Long Island Iced Tea,"clasico, gin, tequila","1) Agregar Ron, Vodka, Tequila, Gin, Triple sec, Chambord raspberry liqueur, Licor de melon y Ron Malibu a un vaso mezclador.
2) Agregar hielo a gusto y revolver hasta enfriar bien.
3) Colar y servir en vaso collins bien frio.","1) Agregar Ron, Vodka, Tequila, Gin, Triple sec, Chambord raspberry liqueur, Licor de melon y Ron Malibu a un vaso mezclador
2) Agregar hielo a gusto y revolver hasta enfriar bien
3) Colar y servir en vaso collins"
Radler,clasico,"1) Agregar Cerveza y 7-Up a una coctelera.
2) Agregar hielo a gusto y agitar hasta enfriar bien.
3) Colar y servir en taza.","1) Agregar Cerveza y 7-Up a una coctelera
2) Agregar hielo a gusto y agitar
3) Colar y servir en taza"
Rail Splitter,"citrico, clasico, gin, refrescante","1) Llenar vaso highball con hielo.
2) Agregar Jarabe simple y Jugo de limon.
3) Completar con Ginger ale y mezclar suavemente.","1) Agregar Jarabe simple, Jugo de limon y Ginger ale a una coctelera
2) Agregar hielo a gusto y agitar
3) Colar y servir en vaso highball"
Ramos Gin Fizz,"citrico, clasico, cremoso, gin","1) Agregar Gin, Jugo de limon, Jarabe simple, Crema y Clara de huevo a una coctelera.
2) Agregar hielo a gusto y agitar hasta enfriar bien.
3) Colar en vaso highball y completar con Agua con gas.
4) Decorar con Extracto de vainilla.","1) Agregar Gin, Jugo de limon, Jarabe simple, Crema, Clara de huevo, Extracto de vainilla y Agua con gas a una coctelera
2) Agregar hielo a gusto y agitar
3) Colar y servir en vaso highball"
Raspberry Cooler,clasico,"1) Llenar vaso highball con hielo.
2) Agregar Vodka de frambuesa.
3) Completar con Bebida lima-limon y mezclar suavemente.","1) Agregar Vodka de frambuesa, Bebida lima-limon y Hielo a una coctelera
2) Agregar hielo a gusto y agitar
3) Colar y servir en vaso highball"
Raspberry Julep,clasico,"1) Agregar Whiskey Bourbon, Jarabe de frambuesa y Menta a una coctelera.
2) Agregar hielo a gusto y agitar hasta enfriar bien.
3) Colar y servir en cordial glass.","1) Agregar Whiskey Bourbon, Jarabe de frambuesa y Menta a una coctelera
2) Agregar hielo a gusto y agitar
3) Colar y servir en cordial copa"
Rebujito,"clasico, espanol, jerez, rapido, refrescante, vino","1) Llenar vaso corto con hielo.
2) Agregar Manzanilla.
3) Completar con Bebida lima-limon y mezclar suavemente.
4) Decorar con Menta.","1) Agregar Manzanilla, Bebida lima-limon, Hielo y Menta a una coctelera
2) Agregar hielo a gusto y agitar
3) Colar y servir en vaso corto"
Red Snapper,"citrico, clasico","1) Agregar Crown Royal, Amaretto y Jugo de arandano a una coctelera.
2) Agregar hielo a gusto y agitar hasta enfriar bien.
3) Colar y servir en vaso old fashioned.","1) Agregar Crown Royal, Amaretto y Jugo de arandano a una coctelera
2) Agregar hielo a gusto y agitar
3) Colar y servir en vaso old fashioned"
Rose,"citrico, clasico, gin","1) Agregar Vermut seco, Gin, Brandy de damasco, Jugo de limon, Granadina y Azucar flor a una coctelera.
2) Agregar hielo a gusto y agitar hasta enfriar bien.
3) Colar y servir en copa de coctel.","1) Agregar Vermut seco, Gin, Brandy de damasco, Jugo de limon, Granadina y Azucar flor a una coctelera
2) Agregar hielo a gusto y agitar
3) Colar y servir en copa de coctel"
Rosemary Blue,"clasico, gin","1) Llenar copa balón con hielo.
2) Agregar Gin, Curacao azul y Romero.
3) Completar con Agua tonica y mezclar suavemente.","1) Agregar Gin, Curacao azul, Agua tonica y Romero a una coctelera
2) Agregar hielo a gusto y agitar
3) Colar y servir en copa balón"
Rossini,"aperitivo, clasico, espumante, frutal, italiano","1) Agregar Frutillas y Prosecco a una coctelera.
2) Agregar hielo a gusto y agitar hasta enfriar bien.
3) Colar y servir en copa flauta.","1) Agregar Frutillas y Prosecco a una coctelera
2) Agregar hielo a gusto y agitar
3) Colar y servir en copa flauta"
Royal Bitch,clasico,"1) Agregar Frangelico y Crown Royal a un vaso mezclador.
2) Agregar hielo a gusto y revolver hasta enfriar bien.
3) Colar y servir en vaso de shot bien frio.","1) Agregar Frangelico y Crown Royal a un vaso mezclador
2) Agregar hielo a gusto y revolver hasta enfriar bien
3) Colar y servir en vaso de shot"
Royal Fizz,"clasico, gin","1) Agregar Gin, Mezcla agridulce y Huevo a una coctelera.
2) Agregar hielo a gusto y agitar hasta enfriar bien.
3) Colar en vaso collins y completar con Coca-Cola.","1) Agregar Gin, Mezcla agridulce, Huevo y Coca-Cola a una coctelera
2) Agregar hielo a gusto y agitar
3) Colar y servir en vaso collins"
Royal Flush,"citrico, clasico","1) Agregar Crown Royal, Schnapps de durazno, Chambord raspberry liqueur y Jugo de arandano a una coctelera.
2) Agregar hielo a gusto y agitar hasta enfriar bien.
3) Colar y servir en vaso old fashioned.","1) Agregar Crown Royal, Schnapps de durazno, Chambord raspberry liqueur y Jugo de arandano a una coctelera
2) Agregar hielo a gusto y agitar
3) Colar y servir en vaso old fashioned"
Royal Gin Fizz,"citrico, clasico, gin","1) Agregar Gin, Limon, Azucar flor y Huevo a una coctelera.
2) Agregar hielo a gusto y agitar hasta enfriar bien.
3) Colar en vaso highball y completar con Agua con gas.","1) Agregar Gin, Limon, Azucar flor, Huevo y Agua con gas a una coctelera
2) Agregar hielo a gusto y agitar
3) Colar y servir en vaso highball"
Ruby Tuesday,"citrico, clasico, gin","1) Agregar Gin, Jugo de arandano y Granadina a una coctelera.
2) Agregar hielo a gusto y agitar hasta enfriar bien.
3) Colar y servir en vaso highball.","1) Agregar Gin, Jugo de arandano y Granadina a una coctelera
2) Agregar hielo a gusto y agitar
3) Colar y servir en vaso highball"
Rum Cobbler,"citrico, clasico","1) Llenar vaso old fashioned con hielo.
2) Agregar Azucar y Ron oscuro.
3) Completar con Agua tonica y mezclar suavemente.
4) Decorar con Limon, Cereza marrasquino y Naranja.","1) Agregar Azucar, Agua tonica, Limon, Ron oscuro, Cereza marrasquino y Naranja a una coctelera
2) Agregar hielo a gusto y agitar
3) Colar y servir en vaso old fashioned"
Rum Cooler,"citrico, clasico","1) Llenar vaso collins con hielo.
2) Agregar Ron.
3) Completar con Bebida lima-limon y mezclar suavemente.
4) Decorar con Limon.","1) Agregar Ron, Bebida lima-limon y Limon a una coctelera
2) Agregar hielo a gusto y agitar
3) Colar y servir en vaso collins"
Rum Milk Punch,"clasico, cremoso","1) Agregar Ron claro, Leche y Azucar flor a una coctelera.
2) Agregar hielo a gusto y agitar hasta enfriar bien.
3) Colar y servir en vaso collins.
4) Decorar con Nuez moscada.","1) Agregar Ron claro, Leche, Azucar flor y Nuez moscada a una coctelera
2) Agregar hielo a gusto y agitar
3) Colar y servir en vaso collins"
Rum Old-fashioned,"amargo, clasico","1) Agregar Azucar flor y Amargo de angostura al vaso y mezclar hasta integrar.
2) Incorporar Ron claro, Ron 151 grados y Agua y hielo a gusto.
3) Revolver suavemente y servir en vaso old fashioned.
4) Decorar con Cascara de lima.","1) Agregar Ron claro, Ron 151 grados, Azucar flor, Amargo de angostura, Agua y Cascara de lima a un vaso mezclador
2) Agregar hielo a gusto y revolver hasta enfriar bien
3) Colar y servir en vaso old fashioned"
Rum Punch,"citrico, clasico, gin","1) Llenar ponchera con hielo.
2) Agregar Ron, Ponche de frutas y Jugo de naranja.
3) Completar con Ginger ale y mezclar suavemente.","1) Agregar Ron, Ginger ale, Ponche de frutas, Jugo de naranja y Hielo a una coctelera
2) Agregar hielo a gusto y agitar
3) Colar y servir en ponchera"
Rum Runner,"citrico, clasico","1) Agregar Ron Malibu, Brandy de mora, Jugo de naranja, Jugo de piña y Jugo de arandano a una coctelera.
2) Agregar hielo a gusto y agitar hasta enfriar bien.
3) Colar y servir en copa de coctel.","1) Agregar Ron Malibu, Brandy de mora, Jugo de naranja, Jugo de piña y Jugo de arandano a una coctelera
2) Agregar hielo a gusto y agitar
3) Colar y servir en copa de coctel"
Rum Screwdriver,"citrico, clasico","1) Agregar Ron claro y Jugo de naranja a una coctelera.
2) Agregar hielo a gusto y agitar hasta enfriar bien.
3) Colar y servir en vaso highball.","1) Agregar Ron claro y Jugo de naranja a una coctelera
2) Agregar hielo a gusto y agitar
3) Colar y servir en vaso highball"
Rum Sour,"citrico, clasico, sour","1) Agregar Ron claro, Jugo de limon y Azucar a una coctelera.
2) Agregar hielo a gusto y agitar hasta enfriar bien.
3) Colar y servir en copa sour.
4) Decorar con Naranja y Cereza marrasquino.","1) Agregar Ron claro, Jugo de limon, Azucar, Naranja y Cereza marrasquino a una coctelera
2) Agregar hielo a gusto y agitar
3) Colar y servir en copa sour"
Rum Toddy,clasico,"1) Agregar Ron, Azucar flor y Agua a una coctelera.
2) Agregar hielo a gusto y agitar hasta enfriar bien.
3) Colar y servir en vaso old fashioned.
4) Decorar con Cascara de limon.","1) Agregar Ron, Azucar flor, Cascara de limon y Agua a una coctelera
2) Agregar hielo a gusto y agitar
3) Colar y servir en vaso old fashioned"
Russian Spring Punch,"citrico, clasico","1) Agregar Vodka, Crema de cassis, Jarabe simple y Jugo de limon a una coctelera.
2) Agregar hielo a gusto y agitar hasta enfriar bien.
3) Colar y servir en vaso highball.","1) Agregar Vodka, Crema de cassis, Jarabe simple y Jugo de limon a una coctelera
2) Agregar hielo a gusto y agitar
3) Colar y servir en vaso highball"
Rusty Nail,clasico,"1) Agregar Whisky escoces y Drambuie a un vaso mezclador.
2) Agregar hielo a gusto y revolver hasta enfriar bien.
3) Colar y servir en vaso old fashioned bien frio.
4) Decorar con Cascara de limon.","1) Agregar Whisky escoces, Drambuie y Cascara de limon a un vaso mezclador
2) Agregar hielo a gusto y revolver hasta enfriar bien
3) Colar y servir en vaso old fashioned"
Salty Dog,"citrico, clasico, gin","1) Agregar Jugo de pomelo y Gin a una coctelera.
2) Agregar hielo a gusto y agitar hasta enfriar bien.
3) Colar y servir en vaso highball.
4) Decorar con Sal.","1) Agregar Jugo de pomelo, Gin y Sal a una coctelera
2) Agregar hielo a gusto y agitar
3) Colar y servir en vaso highball"
San Francisco,"citrico, clasico","1) Agregar Vodka, Crema de banana, Granadina y Jugo de naranja a una coctelera.
2) Agregar hielo a gusto y agitar hasta enfriar bien.
3) Colar y servir en vaso highball.","1) Agregar Vodka, Crema de banana, Granadina y Jugo de naranja a una coctelera
2) Agregar hielo a gusto y agitar
3) Colar y servir en vaso highball"
Sangria,"citrico, clasico, vino","1) Agregar Vino tinto, Azucar, Jugo de naranja y Jugo de limon a una coctelera.
2) Agregar hielo a gusto y agitar hasta enfriar bien.
3) Colar y servir en jarra.
4) Decorar con Clavos de olor y Canela.","1) Agregar Vino tinto, Azucar, Jugo de naranja, Jugo de limon, Clavos de olor y Canela a una coctelera
2) Agregar hielo a gusto y agitar
3) Colar y servir en jarra"
Sazerac,clasico,"1) Agregar Ricard, Azucar, Amargo Peychaud, Agua y Whiskey Bourbon a un vaso mezclador.
2) Agregar hielo a gusto y revolver hasta enfriar bien.
3) Colar y servir en vaso old fashioned bien frio.
4) Decorar con Cascara de limon.","1) Agregar Ricard, Azucar, Amargo Peychaud, Agua, Whiskey Bourbon y Cascara de limon a un vaso mezclador
2) Agregar hielo a gusto y revolver hasta enfriar bien
3) Colar y servir en vaso old fashioned"
Scooter,clasico,"1) Agregar Brandy, Amaretto y Crema ligera a un vaso mezclador.
2) Agregar hielo a gusto y revolver hasta enfriar bien.
3) Colar y servir en copa de coctel bien frio.","1) Agregar Brandy, Amaretto y Crema ligera a un vaso mezclador
2) Agregar hielo a gusto y revolver hasta enfriar bien
3) Colar y servir en copa de coctel"
Scotch Sour,"citrico, clasico, sour","1) Agregar Whisky escoces, Lima y Azucar flor a una coctelera.
2) Agregar hielo a gusto y agitar hasta enfriar bien.
3) Colar y servir en copa sour.
4) Decorar con Limon y Cereza marrasquino.","1) Agregar Whisky escoces, Lima, Azucar flor, Limon y Cereza marrasquino a una coctelera
2) Agregar hielo a gusto y agitar
3) Colar y servir en copa sour"
Screwdriver,"citrico, clasico","1) Agregar Vodka y Jugo de naranja a una coctelera.
2) Agregar hielo a gusto y agitar hasta enfriar bien.
3) Colar y servir en vaso highball.","1) Agregar Vodka y Jugo de naranja a una coctelera
2) Agregar hielo a gusto y agitar
3) Colar y servir en vaso highball"
Sea breeze,"citrico, clasico","1) Agregar Vodka, Jugo de arandano y Jugo de pomelo a una coctelera.
2) Agregar hielo a gusto y agitar hasta enfriar bien.
3) Colar y servir en vaso highball.","1) Agregar Vodka, Jugo de arandano y Jugo de pomelo a una coctelera
2) Agregar hielo a gusto y agitar
3) Colar y servir en vaso highball"
Shark Attack,clasico,"1) Agregar Limonada, Agua y Vodka a una coctelera.
2) Agregar hielo a gusto y agitar hasta enfriar bien.
3) Colar y servir en jarra.","1) Agregar Limonada, Agua y Vodka a una coctelera
2) Agregar hielo a gusto y agitar
3) Colar y servir en jarra"
Sherry Eggnog,"clasico, cremoso, vino","1) Agregar Jerez, Azucar flor, Huevo y Leche a una coctelera.
2) Agregar hielo a gusto y agitar hasta enfriar bien.
3) Colar y servir en vaso collins.
4) Decorar con Nuez moscada.","1) Agregar Jerez, Azucar flor, Huevo, Leche y Nuez moscada a una coctelera
2) Agregar hielo a gusto y agitar
3) Colar y servir en vaso collins"
Sherry Flip,"clasico, vino","1) Agregar Jerez, Crema ligera, Azucar flor y Huevo a una coctelera.
2) Agregar hielo a gusto y agitar hasta enfriar bien.
3) Colar y servir en nick and nora glass.
4) Decorar con Nuez moscada.","1) Agregar Jerez, Crema ligera, Azucar flor, Huevo y Nuez moscada a una coctelera
2) Agregar hielo a gusto y agitar
3) Colar y servir en nick and nora copa"
Shot-gun,clasico,"1) Agregar Jim Beam, Jack Daniels y Wild Turkey a un vaso mezclador.
2) Agregar hielo a gusto y revolver hasta enfriar bien.
3) Colar y servir en vaso de shot bien frio.","1) Agregar Jim Beam, Jack Daniels y Wild Turkey a un vaso mezclador
2) Agregar hielo a gusto y revolver hasta enfriar bien
3) Colar y servir en vaso de shot"
Sidecar,"citrico, clasico","1) Agregar Cognac, Cointreau y Jugo de limon a una coctelera.
2) Agregar hielo a gusto y agitar hasta enfriar bien.
3) Colar y servir en copa de coctel.","1) Agregar Cognac, Cointreau y Jugo de limon a una coctelera
2) Agregar hielo a gusto y agitar
3) Colar y servir en copa de coctel"
Siesta,"amargo, campari, citrico, moderno, tequila, top-bars","1) Agregar Tequila, Campari, Jugo de limon, Jugo de pomelo y Jarabe simple a una coctelera.
2) Agregar hielo a gusto y agitar hasta enfriar bien.
3) Colar y servir en copa coupe.","1) Agregar Tequila, Campari, Jugo de limon, Jugo de pomelo y Jarabe simple a una coctelera
2) Agregar hielo a gusto y agitar
3) Colar y servir en copa coupe"
Smut,"citrico, clasico, vino","1) Llenar jarro cervecero con hielo.
2) Agregar Vino tinto, Schnapps de durazno y Jugo de naranja.
3) Completar con Coca-Cola y mezclar suavemente.","1) Agregar Vino tinto, Schnapps de durazno, Coca-Cola y Jugo de naranja a una coctelera
2) Agregar hielo a gusto y agitar
3) Colar y servir en jarro cervecero"
Snowball,"citrico, clasico","1) Agregar Advocaat y Limonada a una coctelera.
2) Agregar hielo a gusto y agitar hasta enfriar bien.
3) Colar y servir en vaso highball.
4) Decorar con Limon.","1) Agregar Advocaat, Limonada, Limon y Hielo a una coctelera
2) Agregar hielo a gusto y agitar
3) Colar y servir en vaso highball"
Snowday,"amargo, clasico","1) Agregar Vodka, Amaro Montenegro, Oporto rubi, Naranja sanguina y Amargo de angostura a un vaso mezclador.
2) Agregar hielo a gusto y revolver hasta enfriar bien.
3) Colar y servir en vaso collins bien frio.
4) Decorar con Cascara de naranja.","1) Agregar Vodka, Amaro Montenegro, Oporto rubi, Naranja sanguina, Amargo de angostura y Cascara de naranja a un vaso mezclador
2) Agregar hielo a gusto y revolver hasta enfriar bien
3) Colar y servir en vaso collins"
Sol Y Sombra,clasico,"1) Agregar Brandy y Aniseta a un vaso mezclador.
2) Agregar hielo a gusto y revolver hasta enfriar bien.
3) Colar y servir en copa balón bien frio.","1) Agregar Brandy y Aniseta a un vaso mezclador
2) Agregar hielo a gusto y revolver hasta enfriar bien
3) Colar y servir en copa balón"
Space Odyssey,"citrico, clasico","1) Agregar Ron 151 grados, Ron Malibu, Jugo de piña, Jugo de naranja y Granadina a una coctelera.
2) Agregar hielo a gusto y agitar hasta enfriar bien.
3) Colar y servir en vaso highball.
4) Decorar con Cereza marrasquino.","1) Agregar Ron 151 grados, Ron Malibu, Jugo de piña, Jugo de naranja, Granadina y Cereza marrasquino a una coctelera
2) Agregar hielo a gusto y agitar
3) Colar y servir en vaso highball"
Spice 75,"citrico, clasico, espumante","1) Agregar Azucar, Ron y Jugo de lima a una coctelera.
2) Agregar hielo a gusto y agitar hasta enfriar bien.
3) Colar en copa de vino y completar con Champagne.
4) Decorar con Pimienta de Jamaica y Espiral de naranja.","1) Agregar Azucar, Pimienta de Jamaica, Ron, Jugo de lima, Champagne y Espiral de naranja a una coctelera
2) Agregar hielo a gusto y agitar
3) Colar y servir en copa de vino"
Spritz,"amargo, aperitivo, campari, clasico, espumante","1) Llenar vaso old fashioned con hielo.
2) Agregar Campari.
3) Completar con Prosecco y Agua con gas y mezclar suavemente.","1) Agregar Prosecco, Campari y Agua con gas a una coctelera
2) Agregar hielo a gusto y agitar
3) Colar y servir en vaso old fashioned"
Stinger,clasico,"1) Agregar Brandy y Crema de menta blanca a un vaso mezclador.
2) Agregar hielo a gusto y revolver hasta enfriar bien.
3) Colar y servir en copa de coctel bien frio.","1) Agregar Brandy y Crema de menta blanca a un vaso mezclador
2) Agregar hielo a gusto y revolver hasta enfriar bien
3) Colar y servir en copa de coctel"
Stone Sour,"citrico, clasico, sour","1) Agregar Brandy de damasco, Jugo de naranja y Mezcla agridulce a una coctelera.
2) Agregar hielo a gusto y agitar hasta enfriar bien.
3) Colar y servir en copa sour.","1) Agregar Brandy de damasco, Jugo de naranja y Mezcla agridulce a una coctelera
2) Agregar hielo a gusto y agitar
3) Colar y servir en copa sour"
Sweet Bananas,"clasico, cremoso, refrescante","1) Agregar Leche, Platano y Miel a una coctelera.
2) Agregar hielo a gusto y agitar hasta enfriar bien.
3) Colar y servir en vaso highball.","1) Agregar Leche, Platano y Miel a una coctelera
2) Agregar hielo a gusto y agitar
3) Colar y servir en vaso highball"
Sweet Sangria,"citrico, clasico, vino","1) Agregar Vino tinto, Azucar, Agua, Manzana, Limon y Fresca a una coctelera.
2) Agregar hielo a gusto y agitar hasta enfriar bien.
3) Colar y servir en jarra.
4) Decorar con Naranja y Lima.","1) Agregar Vino tinto, Azucar, Agua, Manzana, Naranja, Lima, Limon y Fresca a una coctelera
2) Agregar hielo a gusto y agitar
3) Colar y servir en jarra"
Sweet Tooth,"clasico, cremoso","1) Agregar Licor Godiva y Leche a una coctelera.
2) Agregar hielo a gusto y agitar hasta enfriar bien.
3) Colar y servir en vaso highball.","1) Agregar Licor Godiva y Leche a una coctelera
2) Agregar hielo a gusto y agitar
3) Colar y servir en vaso highball"
Talos Coffee,"cafe, clasico","1) Agregar Grand Marnier y Cafe a una coctelera.
2) Agregar hielo a gusto y agitar hasta enfriar bien.
3) Colar y servir en copa balón.","1) Agregar Grand Marnier y Cafe a una coctelera
2) Agregar hielo a gusto y agitar
3) Colar y servir en copa balón"
Tennesee Mud,"cafe, clasico","1) Agregar Cafe, Jack Daniels, Amaretto y Crema batida a un vaso mezclador.
2) Agregar hielo a gusto y revolver hasta enfriar bien.
3) Colar y servir en taza bien frio.","1) Agregar Cafe, Jack Daniels, Amaretto y Crema batida a un vaso mezclador
2) Agregar hielo a gusto y revolver hasta enfriar bien
3) Colar y servir en taza"
Tequila Fizz,"citrico, clasico, cremoso, gin, tequila","1) Agregar Tequila, Jugo de limon, Granadina y Clara de huevo a una coctelera.
2) Agregar hielo a gusto y agitar hasta enfriar bien.
3) Colar en vaso collins y completar con Ginger ale.","1) Agregar Tequila, Jugo de limon, Granadina, Clara de huevo y Ginger ale a una coctelera
2) Agregar hielo a gusto y agitar
3) Colar y servir en vaso collins"
Tequila Slammer,"clasico, tequila","1) Agregar Tequila y 7-Up a una coctelera.
2) Agregar hielo a gusto y agitar hasta enfriar bien.
3) Colar y servir en copa hurricane.","1) Agregar Tequila y 7-Up a una coctelera
2) Agregar hielo a gusto y agitar
3) Colar y servir en copa hurricane"
Tequila Sour,"citrico, clasico, sour, tequila","1) Agregar Tequila, Limon y Azucar flor a una coctelera.
2) Agregar hielo a gusto y agitar hasta enfriar bien.
3) Colar y servir en copa sour.
4) Decorar con Limon y Cereza marrasquino.","1) Agregar Tequila, Limon, Azucar flor, Limon y Cereza marrasquino a una coctelera
2) Agregar hielo a gusto y agitar
3) Colar y servir en copa sour"
Tequila Sunrise,"citrico, clasico, tequila","1) Agregar Tequila, Jugo de naranja y Granadina a una coctelera.
2) Agregar hielo a gusto y agitar hasta enfriar bien.
3) Colar y servir en vaso highball.","1) Agregar Tequila, Jugo de naranja y Granadina a una coctelera
2) Agregar hielo a gusto y agitar
3) Colar y servir en vaso highball"
Tequila Surprise,"clasico, tequila","1) Agregar Tequila a una coctelera.
2) Agregar hielo a gusto y agitar hasta enfriar bien.
3) Colar y servir en vaso de shot.
4) Decorar con Tabasco sauce.","1) Agregar Tequila y Tabasco sauce a una coctelera
2) Agregar hielo a gusto y agitar
3) Colar y servir en vaso de shot"
Terremoto,"chileno, clasico, espumante, verano, vino","1) Llenar vaso alto con hielo.
2) Agregar Granadina, Vino blanco, Helado de piña y Fernet.
3) Completar con Champagne y mezclar suavemente.","1) Agregar Granadina, Vino blanco, Champagne, Helado de piña y Fernet a una coctelera
2) Agregar hielo a gusto y agitar
3) Colar y servir en vaso alto"
Texas Rattlesnake,clasico,"1) Agregar Whisky Miel, Brandy de cereza, Southern Comfort y Mezcla agridulce a un vaso mezclador.
2) Agregar hielo a gusto y revolver hasta enfriar bien.
3) Colar y servir en vaso highball bien frio.","1) Agregar Whisky Miel, Brandy de cereza, Southern Comfort y Mezcla agridulce a un vaso mezclador
2) Agregar hielo a gusto y revolver hasta enfriar bien
3) Colar y servir en vaso highball"
Texas Sling,clasico,"1) Agregar Kahlua, Baileys crema irlandesa, Amaretto, Ron 151 grados y Crema a un vaso mezclador.
2) Agregar hielo a gusto y revolver hasta enfriar bien.
3) Colar y servir en copa de vino bien frio.","1) Agregar Kahlua, Baileys crema irlandesa, Amaretto, Ron 151 grados y Crema a un vaso mezclador
2) Agregar hielo a gusto y revolver hasta enfriar bien
3) Colar y servir en copa de vino"
Thai Aperol,"amargo, bar-top-chile, chileno-autor, citrico, clasico, gin, siam-thai, top-bars","1) Agregar Aperol, Gin, Jugo de limon, Jugo de naranja, Jengibre, Syrup especiado y Amargo de angostura a una coctelera.
2) Agregar hielo a gusto y agitar hasta enfriar bien.
3) Colar y servir en vaso alto.
4) Decorar con Romero.","1) Agregar Aperol, Gin, Jugo de limon, Jugo de naranja, Jengibre, Syrup especiado, Amargo de angostura y Romero a una coctelera
2) Agregar hielo a gusto y agitar
3) Colar y servir en vaso alto"
Thai Coffee,"cafe, clasico, refrescante","1) Agregar Cafe, Cilantro, Azucar y Crema para batir a una coctelera.
2) Agregar hielo a gusto y agitar hasta enfriar bien.
3) Colar y servir en vaso highball.
4) Decorar con Cardamomo.","1) Agregar Cafe, Cilantro, Cardamomo, Azucar, Crema para batir y Hielo a una coctelera
2) Agregar hielo a gusto y agitar
3) Colar y servir en vaso highball"
Thai Iced Coffee,"cafe, clasico, refrescante","1) Agregar Cafe, Azucar y Crema a una coctelera.
2) Agregar hielo a gusto y agitar hasta enfriar bien.
3) Colar y servir en vaso highball.
4) Decorar con Cardamomo.","1) Agregar Cafe, Azucar, Crema y Cardamomo a una coctelera
2) Agregar hielo a gusto y agitar
3) Colar y servir en vaso highball"
Thai Iced Tea,"clasico, cremoso, refrescante","1) Agregar Te, Agua, Leche condensada y Menta a una coctelera.
2) Agregar hielo a gusto y agitar hasta enfriar bien.
3) Colar y servir en vaso highball.","1) Agregar Te, Agua, Leche condensada, Hielo y Menta a una coctelera
2) Agregar hielo a gusto y agitar
3) Colar y servir en vaso highball"
The Artesian Siam Sour,"amargo, bar-top-chile, chileno-autor, citrico, clasico, frutal, pisco, siam-thai, sour, top-bars","1) Agregar Pisco, Syrup especiado, Jugo de maracuya, Jugo de limon, Jengibre y Amargo de angostura a una coctelera.
2) Agregar hielo a gusto y agitar hasta enfriar bien.
3) Colar y servir en copa coupe.
4) Decorar con Pimienta rosa y Romero.","1) Agregar Pisco, Syrup especiado, Jugo de maracuya, Jugo de limon, Jengibre, Amargo de angostura, Pimienta rosa y Romero a una coctelera
2) Agregar hielo a gusto y agitar
3) Colar y servir en copa coupe"
The Business,"citrico, gin, moderno, rapido, top-bars","1) Agregar Gin, Jugo de lima y Jarabe de miel a una coctelera.
2) Agregar hielo a gusto y agitar hasta enfriar bien.
3) Colar y servir en copa coupe.","1) Agregar Gin, Jugo de lima y Jarabe de miel a una coctelera
2) Agregar hielo a gusto y agitar
3) Colar y servir en copa coupe"
The Galah,"amargo, campari, citrico, clasico","1) Agregar Ron oscuro, Campari, Crema de banana, Jugo de piña y Jugo de lima a una coctelera.
2) Agregar hielo a gusto y agitar hasta enfriar bien.
3) Colar y servir en vaso collins.","1) Agregar Ron oscuro, Campari, Crema de banana, Jugo de piña y Jugo de lima a una coctelera
2) Agregar hielo a gusto y agitar
3) Colar y servir en vaso collins"
The Jimmy Conway,"citrico, clasico","1) Agregar Whisky irlandes, Amaretto y Jugo de arandano a una coctelera.
2) Agregar hielo a gusto y agitar hasta enfriar bien.
3) Colar y servir en copa sour.","1) Agregar Whisky irlandes, Amaretto y Jugo de arandano a una coctelera
2) Agregar hielo a gusto y agitar
3) Colar y servir en copa sour"
The Last Word,"citrico, clasico, gin","1) Agregar Green Chartreuse, Licor de maraschino, Jugo de lima y Gin a una coctelera.
2) Agregar hielo a gusto y agitar hasta enfriar bien.
3) Colar y servir en copa de coctel.","1) Agregar Green Chartreuse, Licor de maraschino, Jugo de lima y Gin a una coctelera
2) Agregar hielo a gusto y agitar
3) Colar y servir en copa de coctel"
The Laverstoke,"citrico, clasico, gin, vino","1) Llenar copa balón con hielo.
2) Agregar Gin, Cordial de flor de sauco, Vermut rojo, Lima y Menta.
3) Completar con Agua tonica y mezclar suavemente.
4) Decorar con Ginger.","1) Agregar Gin, Cordial de flor de sauco, Vermut rojo, Agua tonica, Lima, Ginger y Menta a una coctelera
2) Agregar hielo a gusto y agitar
3) Colar y servir en copa balón"
The Philosopher,"citrico, clasico, espumante, gin","1) Agregar Gin, Licor de melon, Amargo de naranja y Jugo de limon a una coctelera.
2) Agregar hielo a gusto y agitar hasta enfriar bien.
3) Colar en copa margarita y completar con Prosecco.","1) Agregar Gin, Licor de melon, Amargo de naranja, Jugo de limon y Prosecco a una coctelera
2) Agregar hielo a gusto y agitar
3) Colar y servir en copa margarita"
Thriller,"citrico, clasico","1) Agregar Whisky escoces, Vino y Jugo de naranja a una coctelera.
2) Agregar hielo a gusto y agitar hasta enfriar bien.
3) Colar y servir en copa de coctel.","1) Agregar Whisky escoces, Vino y Jugo de naranja a una coctelera
2) Agregar hielo a gusto y agitar
3) Colar y servir en copa de coctel"
Tia-Maria,"cafe, clasico","1) Agregar Agua, Azucar rubia, Cafe y Ron a una coctelera.
2) Agregar hielo a gusto y agitar hasta enfriar bien.
3) Colar y servir en vaso collins.
4) Decorar con Extracto de vainilla.","1) Agregar Agua, Azucar rubia, Cafe, Ron y Extracto de vainilla a una coctelera
2) Agregar hielo a gusto y agitar
3) Colar y servir en vaso collins"
Tinto de verano,"clasico, espanol, rapido, refrescante, verano, vino","1) Llenar copa de vino con hielo.
2) Agregar Vino tinto.
3) Completar con Bebida lima-limon y mezclar suavemente.
4) Decorar con Limon.","1) Agregar Vino tinto, Bebida lima-limon, Hielo y Limon a una coctelera
2) Agregar hielo a gusto y agitar
3) Colar y servir en copa de vino"
Tipperary,"clasico, vino","1) Agregar Whisky irlandes, Vermut dulce y Green Chartreuse a un vaso mezclador.
2) Agregar hielo a gusto y revolver hasta enfriar bien.
3) Colar y servir en nick and nora glass bien frio.","1) Agregar Whisky irlandes, Vermut dulce y Green Chartreuse a un vaso mezclador
2) Agregar hielo a gusto y revolver hasta enfriar bien
3) Colar y servir en nick and nora copa"
Tom Collins,"citrico, clasico, gin","1) Agregar Gin, Jugo de limon y Azucar a una coctelera.
2) Agregar hielo a gusto y agitar hasta enfriar bien.
3) Colar en vaso collins y completar con Agua tonica.
4) Decorar con Cereza marrasquino y Naranja.","1) Agregar Gin, Jugo de limon, Azucar, Agua tonica, Cereza marrasquino y Naranja a una coctelera
2) Agregar hielo a gusto y agitar
3) Colar y servir en vaso collins"
Tomato Tang,"citrico, clasico, refrescante","1) Agregar Jugo de tomate y Jugo de limon a una coctelera.
2) Agregar hielo a gusto y agitar hasta enfriar bien.
3) Colar y servir en vaso highball.
4) Decorar con Sal de apio.","1) Agregar Jugo de tomate, Jugo de limon y Sal de apio a una coctelera
2) Agregar hielo a gusto y agitar
3) Colar y servir en vaso highball"
Tommy's Margarita,"agave, citrico, moderno, tequila, top-bars","1) Agregar Tequila, Jugo de lima y Jarabe de agave a una coctelera.
2) Agregar hielo a gusto y agitar hasta enfriar bien.
3) Colar y servir en vaso bajo.
4) Decorar con Sal.","1) Agregar Tequila, Jugo de lima, Jarabe de agave y Sal a una coctelera
2) Agregar hielo a gusto y agitar
3) Colar y servir en vaso bajo"
Trinidad Sour,"amargo, citrico, moderno, sour, top-bars","1) Agregar Amargo de angostura, Whisky de centeno, Jugo de limon y Falernum a una coctelera.
2) Agregar hielo a gusto y agitar hasta enfriar bien.
3) Colar y servir en copa coupe.","1) Agregar Amargo de angostura, Whisky de centeno, Jugo de limon y Falernum a una coctelera
2) Agregar hielo a gusto y agitar
3) Colar y servir en copa coupe"
Turf Cocktail,"amargo, clasico, gin","1) Agregar Vermut seco, Gin, Anis y Amargo de angostura a un vaso mezclador.
2) Agregar hielo a gusto y revolver hasta enfriar bien.
3) Colar y servir en copa de coctel bien frio.
4) Decorar con Cascara de naranja.","1) Agregar Vermut seco, Gin, Anis, Amargo de angostura y Cascara de naranja a un vaso mezclador
2) Agregar hielo a gusto y revolver hasta enfriar bien
3) Colar y servir en copa de coctel"
Turkeyball,"citrico, clasico","1) Agregar Wild Turkey, Amaretto y Jugo de piña a una coctelera.
2) Agregar hielo a gusto y agitar hasta enfriar bien.
3) Colar y servir en vaso de shot.","1) Agregar Wild Turkey, Amaretto y Jugo de piña a una coctelera
2) Agregar hielo a gusto y agitar
3) Colar y servir en vaso de shot"
Tuxedo Cocktail,"clasico, gin","1) Agregar Vermut seco, Gin, Licor de maraschino, Anis y Amargo de naranja a un vaso mezclador.
2) Agregar hielo a gusto y revolver hasta enfriar bien.
3) Colar y servir en copa de coctel bien frio.
4) Decorar con Cereza marrasquino.","1) Agregar Vermut seco, Gin, Licor de maraschino, Anis, Amargo de naranja y Cereza marrasquino a un vaso mezclador
2) Agregar hielo a gusto y revolver hasta enfriar bien
3) Colar y servir en copa de coctel"
Vaina,"chileno, clasico, cremoso, sobremesa, vino","1) Agregar Jerez, Huevo, Cacao en polvo, Azucar flor y Whisky a una coctelera.
2) Agregar hielo a gusto y agitar hasta enfriar bien.
3) Colar y servir en copa de coctel.
4) Decorar con Canela.","1) Agregar Jerez, Huevo, Cacao en polvo, Hielo, Azucar flor, Whisky y Canela a una coctelera
2) Agregar hielo a gusto y agitar
3) Colar y servir en copa de coctel"
Valencia Cocktail,"citrico, clasico","1) Agregar Brandy de damasco, Jugo de naranja y Amargo de naranja a una coctelera.
2) Agregar hielo a gusto y agitar hasta enfriar bien.
3) Colar y servir en copa de coctel.","1) Agregar Brandy de damasco, Jugo de naranja y Amargo de naranja a una coctelera
2) Agregar hielo a gusto y agitar
3) Colar y servir en copa de coctel"
Vampiro,"citrico, clasico, tequila","1) Agregar Tequila, Jugo de tomate, Jugo de naranja, Jugo de lima y Jarabe simple a una coctelera.
2) Agregar hielo a gusto y agitar hasta enfriar bien.
3) Colar y servir en vaso old fashioned.
4) Decorar con Sal.","1) Agregar Tequila, Jugo de tomate, Jugo de naranja, Jugo de lima, Jarabe simple y Sal a una coctelera
2) Agregar hielo a gusto y agitar
3) Colar y servir en vaso old fashioned"
Van Vleet,"citrico, clasico","1) Agregar Ron claro, Jarabe de maple y Jugo de limon a una coctelera.
2) Agregar hielo a gusto y agitar hasta enfriar bien.
3) Colar y servir en vaso old fashioned.","1) Agregar Ron claro, Jarabe de maple y Jugo de limon a una coctelera
2) Agregar hielo a gusto y agitar
3) Colar y servir en vaso old fashioned"
Vermouth Cassis,clasico,"1) Llenar vaso highball con hielo.
2) Agregar Vermut seco y Crema de cassis.
3) Completar con Agua con gas y mezclar suavemente.","1) Agregar Vermut seco, Crema de cassis y Agua con gas a una coctelera
2) Agregar hielo a gusto y agitar
3) Colar y servir en vaso highball"
Vesper,"clasico, gin","1) Agregar Gin, Vodka y Lillet Blanc a un vaso mezclador.
2) Agregar hielo a gusto y revolver hasta enfriar bien.
3) Colar y servir en copa de coctel bien frio.","1) Agregar Gin, Vodka y Lillet Blanc a un vaso mezclador
2) Agregar hielo a gusto y revolver hasta enfriar bien
3) Colar y servir en copa de coctel"
Vesuvio,"citrico, clasico, cremoso, vino","1) Agregar Ron claro, Vermut dulce, Limon, Azucar flor y Clara de huevo a un vaso mezclador.
2) Agregar hielo a gusto y revolver hasta enfriar bien.
3) Colar y servir en vaso old fashioned bien frio.","1) Agregar Ron claro, Vermut dulce, Limon, Azucar flor y Clara de huevo a un vaso mezclador
2) Agregar hielo a gusto y revolver hasta enfriar bien
3) Colar y servir en vaso old fashioned"
Veteran,clasico,"1) Agregar Ron oscuro y Brandy de cereza a un vaso mezclador.
2) Agregar hielo a gusto y revolver hasta enfriar bien.
3) Colar y servir en vaso old fashioned bien frio.","1) Agregar Ron oscuro y Brandy de cereza a un vaso mezclador
2) Agregar hielo a gusto y revolver hasta enfriar bien
3) Colar y servir en vaso old fashioned"
Victor,"clasico, gin, vino","1) Agregar Gin, Vermut dulce y Brandy a un vaso mezclador.
2) Agregar hielo a gusto y revolver hasta enfriar bien.
3) Colar y servir en copa de coctel bien frio.","1) Agregar Gin, Vermut dulce y Brandy a un vaso mezclador
2) Agregar hielo a gusto y revolver hasta enfriar bien
3) Colar y servir en copa de coctel"
Victory Collins,"citrico, clasico","1) Agregar Vodka, Jugo de limon, Jugo de uva y Azucar flor a una coctelera.
2) Agregar hielo a gusto y agitar hasta enfriar bien.
3) Colar en vaso collins y completar con soda.
4) Decorar con Naranja.","1) Agregar Vodka, Jugo de limon, Jugo de uva, Azucar flor y Naranja a una coctelera
2) Agregar hielo a gusto y agitar
3) Colar y servir en vaso collins"
Vino navegado,"chileno, citrico, clasico, invierno, vino","1) Agregar Vino tinto, Naranja y Azucar a una coctelera.
2) Agregar hielo a gusto y agitar hasta enfriar bien.
3) Colar y servir en tazon.
4) Decorar con Canela y Clavos de olor.","1) Agregar Vino tinto, Naranja, Azucar, Canela y Clavos de olor a una coctelera
2) Agregar hielo a gusto y agitar
3) Colar y servir en tazon"
Virgin Fizz,"citrico, clasico, gin, rapido, refrescante","1) Agregar Jugo de limon y Jarabe simple a una coctelera.
2) Agregar hielo a gusto y agitar hasta enfriar bien.
3) Colar en vaso highball y completar con Soda.
4) Decorar con Menta.","1) Agregar Jugo de limon, Jarabe simple, Soda, Hielo y Menta a una coctelera
2) Agregar hielo a gusto y agitar
3) Colar y servir en vaso highball"
Vodka And Tonic,clasico,"1) Llenar vaso highball con hielo.
2) Agregar Vodka.
3) Completar con Agua tonica y mezclar suavemente.","1) Agregar Vodka y Agua tonica a una coctelera
2) Agregar hielo a gusto y agitar
3) Colar y servir en vaso highball"
Vodka Fizz,clasico,"1) Agregar Vodka, Mitad crema mitad leche y Limonada a una coctelera.
2) Agregar hielo a gusto y agitar hasta enfriar bien.
3) Colar en copa de vino blanco y completar con soda.
4) Decorar con Nuez moscada.","1) Agregar Vodka, Mitad crema mitad leche, Limonada, Hielo y Nuez moscada a una coctelera
2) Agregar hielo a gusto y agitar
3) Colar y servir en copa de vino blanco"
Vodka Lemon,"citrico, clasico","1) Agregar Vodka y Jugo de limon a una coctelera.
2) Agregar hielo a gusto y agitar hasta enfriar bien.
3) Colar y servir en vaso highball.
4) Decorar con Cascara de limon.","1) Agregar Vodka, Jugo de limon, Cascara de limon y Hielo a una coctelera
2) Agregar hielo a gusto y agitar
3) Colar y servir en vaso highball"
Vodka Martini,"clasico, martini","1) Agregar Vodka y Vermut seco a un vaso mezclador.
2) Agregar hielo a gusto y revolver hasta enfriar bien.
3) Colar y servir en copa de coctel bien frio.
4) Decorar con Aceituna.","1) Agregar Vodka, Vermut seco y Aceituna a un vaso mezclador
2) Agregar hielo a gusto y revolver hasta enfriar bien
3) Colar y servir en copa de coctel"
Vodka Russian,clasico,"1) Agregar Vodka y Schweppes Russchian a una coctelera.
2) Agregar hielo a gusto y agitar hasta enfriar bien.
3) Colar y servir en vaso collins.","1) Agregar Vodka y Schweppes Russchian a una coctelera
2) Agregar hielo a gusto y agitar
3) Colar y servir en vaso collins"
Vodka Slime,"citrico, clasico","1) Agregar Sprite, Jugo de lima y Vodka a una coctelera.
2) Agregar hielo a gusto y agitar hasta enfriar bien.
3) Colar y servir en vaso highball.","1) Agregar Sprite, Jugo de lima y Vodka a una coctelera
2) Agregar hielo a gusto y agitar
3) Colar y servir en vaso highball"
Vodka Tonic,clasico,"1) Llenar vaso highball con hielo.
2) Agregar Vodka.
3) Completar con Agua tonica y mezclar suavemente.
4) Decorar con Cascara de limon.","1) Agregar Vodka, Agua tonica y Cascara de limon a una coctelera
2) Agregar hielo a gusto y agitar
3) Colar y servir en vaso highball"
Waikiki Beachcomber,"citrico, clasico, gin","1) Agregar Triple sec, Gin y Jugo de piña a una coctelera.
2) Agregar hielo a gusto y agitar hasta enfriar bien.
3) Colar y servir en copa de coctel.","1) Agregar Triple sec, Gin y Jugo de piña a una coctelera
2) Agregar hielo a gusto y agitar
3) Colar y servir en copa de coctel"
Whiskey Sour,"citrico, clasico, sour","1) Agregar Whisky mezclado, Limon y Azucar flor a una coctelera.
2) Agregar hielo a gusto y agitar hasta enfriar bien.
3) Colar y servir en vaso old fashioned.
4) Decorar con Cereza marrasquino y Limon.","1) Agregar Whisky mezclado, Limon, Azucar flor, Cereza marrasquino y Limon a una coctelera
2) Agregar hielo a gusto y agitar
3) Colar y servir en vaso old fashioned"
Whisky Cola,"clasico, rapido","1) Llenar vaso highball con hielo.
2) Agregar Whisky.
3) Completar con Coca-Cola y mezclar suavemente.","1) Agregar Whisky, Coca-Cola y Hielo a una coctelera
2) Agregar hielo a gusto y agitar
3) Colar y servir en vaso highball"
Whisky Mac,clasico,"1) Agregar Whisky escoces y Vino a una coctelera.
2) Agregar hielo a gusto y agitar hasta enfriar bien.
3) Colar y servir en vaso collins.","1) Agregar Whisky escoces y Vino a una coctelera
2) Agregar hielo a gusto y agitar
3) Colar y servir en vaso collins"
White Lady,"citrico, clasico, gin","1) Agregar Gin, Triple sec y Jugo de limon a una coctelera.
2) Agregar hielo a gusto y agitar hasta enfriar bien.
3) Colar y servir en copa de coctel.","1) Agregar Gin, Triple sec y Jugo de limon a una coctelera
2) Agregar hielo a gusto y agitar
3) Colar y servir en copa de coctel"
White Negroni,"amargo, gin, moderno, negroni, rapido, top-bars","1) Agregar Gin, Suze y Lillet Blanc a un vaso mezclador.
2) Agregar hielo a gusto y revolver hasta enfriar bien.
3) Colar y servir en vaso bajo bien frio.
4) Decorar con Limon.","1) Agregar Gin, Suze, Lillet Blanc y Limon a un vaso mezclador
2) Agregar hielo a gusto y revolver hasta enfriar bien
3) Colar y servir en vaso bajo"
White Russian,clasico,"1) Agregar Vodka, Licor de cafe y Crema ligera a un vaso mezclador.
2) Agregar hielo a gusto y revolver hasta enfriar bien.
3) Colar y servir en vaso old fashioned bien frio.","1) Agregar Vodka, Licor de cafe y Crema ligera a un vaso mezclador
2) Agregar hielo a gusto y revolver hasta enfriar bien
3) Colar y servir en vaso old fashioned"
White Wine Sangria,"citrico, clasico, frutal, vino","1) Llenar jarra con hielo.
2) Agregar Vino blanco, Frutillas, Manzana y Brandy de manzana.
3) Completar con Agua con gas y mezclar suavemente.
4) Decorar con Lima y Limon.","1) Agregar Lima, Limon, Vino blanco, Frutillas, Manzana, Brandy de manzana y Agua con gas a una coctelera
2) Agregar hielo a gusto y agitar
3) Colar y servir en jarra"
Whitecap Margarita,"citrico, clasico, cremoso, tequila","1) Agregar Tequila, Crema de coco y Jugo de lima a una coctelera.
2) Agregar hielo a gusto y agitar hasta enfriar bien.
3) Colar y servir en margarita/coupette glass.","1) Agregar Hielo, Tequila, Crema de coco y Jugo de lima a una coctelera
2) Agregar hielo a gusto y agitar
3) Colar y servir en margarita/coupette copa"
Wine Cooler,"clasico, vino","1) Llenar vaso collins con hielo.
2) Agregar Vino tinto.
3) Completar con Bebida lima-limon y mezclar suavemente.","1) Agregar Vino tinto, Bebida lima-limon y Hielo a una coctelera
2) Agregar hielo a gusto y agitar
3) Colar y servir en vaso collins"
Wine Punch,"citrico, clasico, vino","1) Agregar Vino tinto, Limon, Jugo de naranja, Naranja y Jugo de piña a una coctelera.
2) Agregar hielo a gusto y agitar hasta enfriar bien.
3) Colar y servir en vaso collins.","1) Agregar Vino tinto, Limon, Jugo de naranja, Naranja y Jugo de piña a una coctelera
2) Agregar hielo a gusto y agitar
3) Colar y servir en vaso collins"
Winter Paloma,"citrico, clasico, tequila","1) Agregar Tequila, Jugo de pomelo, Jugo de lima y Jarabe de agave a una coctelera.
2) Agregar hielo a gusto y agitar hasta enfriar bien.
3) Colar y servir en vaso highball.
4) Decorar con Pimienta.","1) Agregar Tequila, Jugo de pomelo, Jugo de lima, Jarabe de agave y Pimienta a una coctelera
2) Agregar hielo a gusto y agitar
3) Colar y servir en vaso highball"
Winter Rita,"amargo, campari, citrico, clasico, tequila","1) Agregar Tequila, Campari, Jugo de lima, Jugo de naranja y Jarabe de romero a una coctelera.
2) Agregar hielo a gusto y agitar hasta enfriar bien.
3) Colar y servir en vaso highball.
4) Decorar con Sal.","1) Agregar Tequila, Campari, Jugo de lima, Jugo de naranja, Jarabe de romero y Sal a una coctelera
2) Agregar hielo a gusto y agitar
3) Colar y servir en vaso highball"
Yellow Bird,"citrico, clasico","1) Agregar Ron blanco, Galliano, Triple sec y Jugo de lima a una coctelera.
2) Agregar hielo a gusto y agitar hasta enfriar bien.
3) Colar y servir en copa de coctel.","1) Agregar Ron blanco, Galliano, Triple sec y Jugo de lima a una coctelera
2) Agregar hielo a gusto y agitar
3) Colar y servir en copa de coctel"
Yoghurt Cooler,"clasico, refrescante","1) Agregar Yogur y Fruta a una coctelera.
2) Agregar hielo a gusto y agitar hasta enfriar bien.
3) Colar y servir en vaso highball.","1) Agregar Yogur, Fruta y Hielo a una coctelera
2) Agregar hielo a gusto y agitar
3) Colar y servir en vaso highball"
Zafiro,"bar-top-chile, chileno-autor, citrico, clasico, gin, siam-thai, top-bars","1) Agregar Gin, St. Germain y Jugo de pomelo a una coctelera.
2) Agregar hielo a gusto y agitar hasta enfriar bien.
3) Colar y servir en vaso alto.
4) Decorar con Lemongrass y Limon.","1) Agregar Gin, St. Germain, Jugo de pomelo, Lemongrass y Limon a una coctelera
2) Agregar hielo a gusto y agitar
3) Colar y servir en vaso alto"
Zambeer,clasico,"1) Agregar Sambuca y Cerveza de raiz a una coctelera.
2) Agregar hielo a gusto y agitar hasta enfriar bien.
3) Colar y servir en vaso collins.","1) Agregar Sambuca, Cerveza de raiz y Hielo a una coctelera
2) Agregar hielo a gusto y agitar
3) Colar y servir en vaso collins"
Zenmeister,clasico,"1) Agregar Jägermeister y Cerveza de raiz a una coctelera.
2) Agregar hielo a gusto y agitar hasta enfriar bien.
3) Colar y servir en vaso collins.","1) Agregar Jägermeister y Cerveza de raiz a una coctelera
2) Agregar hielo a gusto y agitar
3) Colar y servir en vaso collins"
Ziemes Martini Apfelsaft,"citrico, clasico, martini","1) Agregar Vermut y Jugo de manzana a un vaso mezclador.
2) Agregar hielo a gusto y revolver hasta enfriar bien.
3) Colar y servir en vaso collins bien frio.","1) Agregar Vermut y Jugo de manzana a un vaso mezclador
2) Agregar hielo a gusto y revolver hasta enfriar bien
3) Colar y servir en vaso collins"
Zima Blaster,clasico,"1) Agregar Zima y Chambord raspberry liqueur a una coctelera.
2) Agregar hielo a gusto y agitar hasta enfriar bien.
3) Colar y servir en copa hurricane.","1) Agregar Zima y Chambord raspberry liqueur a una coctelera
2) Agregar hielo a gusto y agitar
3) Colar y servir en copa hurricane"
Zimadori Zinger,clasico,"1) Agregar Licor de melon y Zima a una coctelera.
2) Agregar hielo a gusto y agitar hasta enfriar bien.
3) Colar y servir en vaso collins.","1) Agregar Licor de melon y Zima a una coctelera
2) Agregar hielo a gusto y agitar
3) Colar y servir en vaso collins"
Zinger,clasico,"1) Agregar Peachtree schnapps y Surge a una coctelera.
2) Agregar hielo a gusto y agitar hasta enfriar bien.
3) Colar y servir en vaso de shot.","1) Agregar Peachtree schnapps y Surge a una coctelera
2) Agregar hielo a gusto y agitar
3) Colar y servir en vaso de shot"
Zipperhead,clasico,"1) Llenar copa sour con hielo.
2) Agregar Chambord raspberry liqueur y Vodka.
3) Completar con Agua con gas y mezclar suavemente.","1) Agregar Chambord raspberry liqueur, Vodka y Agua con gas a una coctelera
2) Agregar hielo a gusto y agitar
3) Colar y servir en copa sour"
Zippy's Revenge,clasico,"1) Agregar Amaretto, Ron y Kool-Aid a un vaso mezclador.
2) Agregar hielo a gusto y revolver hasta enfriar bien.
3) Colar y servir en vaso old fashioned bien frio.","1) Agregar Amaretto, Ron y Kool-Aid a un vaso mezclador
2) Agregar hielo a gusto y revolver hasta enfriar bien
3) Colar y servir en vaso old fashioned"
Zizi Coin-coin,"citrico, clasico","1) Agregar Cointreau, Jugo de limon y Limon a una coctelera.
2) Agregar hielo a gusto y agitar hasta enfriar bien.
3) Colar y servir en margarita/coupette glass.","1) Agregar Cointreau, Jugo de limon, Hielo y Limon a una coctelera
2) Agregar hielo a gusto y agitar
3) Colar y servir en margarita/coupette copa"
Zoksel,"citrico, clasico","1) Llenar vaso pilsner con hielo.
2) Agregar Cerveza, Cerveza de raiz, Limonada, 7-Up, Crema de cassis y Limon.
3) Completar con Coca-Cola y mezclar suavemente.","1) Agregar Cerveza, Cerveza de raiz, Limonada, Coca-Cola, 7-Up, Crema de cassis y Limon a una coctelera
2) Agregar hielo a gusto y agitar
3) Colar y servir en vaso pilsner"
Zombie,"amargo, citrico, clasico","1) Agregar Ron, Ron dorado, Ron 151 grados, Pernod, Granadina, Jugo de lima y Amargo de angostura a una coctelera.
2) Agregar hielo a gusto y agitar hasta enfriar bien.
3) Colar y servir en copa hurricane.","1) Agregar Ron, Ron dorado, Ron 151 grados, Pernod, Granadina, Jugo de lima y Amargo de angostura a una coctelera
2) Agregar hielo a gusto y agitar
3) Colar y servir en copa hurricane"
Zorbatini,clasico,"1) Agregar Vodka y Ouzo a un vaso mezclador.
2) Agregar hielo a gusto y revolver hasta enfriar bien.
3) Colar y servir en copa de coctel bien frio.","1) Agregar Vodka y Ouzo a un vaso mezclador
2) Agregar hielo a gusto y revolver hasta enfriar bien
3) Colar y servir en copa de coctel"
Zorro,clasico,"1) Agregar Sambuca, Baileys crema irlandesa y Crema de menta blanca a un vaso mezclador.
2) Agregar hielo a gusto y revolver hasta enfriar bien.
3) Colar y servir en taza bien frio.","1) Agregar Sambuca, Baileys crema irlandesa y Crema de menta blanca a un vaso mezclador
2) Agregar hielo a gusto y revolver hasta enfriar bien
3) Colar y servir en taza"
